and	and	7410	en
as	as	6770	en
are	are	6740	en
at	at	6700	en
an	an	6530	en
all	all	6520	en
about	about	6400	en
also	also	6190	en
after	after	6110	en
any	any	6070	en
am	am	5780	en
around	around	5770	en
always	always	5760	en
another	another	5740	en
again	again	5700	en
against	against	5680	en
away	away	5620	en
assistant	assistant	5600	en
already	already	5550	en
anything	anything	5550	en
actually	actually	5490	en
american	american	5490	en
area	area	5460	en
able	able	5430	en
ago	ago	5420	en
almost	almost	5390	en
along	along	5380	en
anyone	anyone	5380	en
air	air	5370	en
ask	ask	5340	en
age	age	5320	en
among	among	5310	en
act	act	5300	en
although	although	5300	en
asked	asked	5300	en
art	art	5290	en
according	according	5280	en
available	available	5280	en
across	across	5250	en
action	action	5250	en
america	america	5220	en
account	account	5210	en
above	above	5200	en
april	april	5190	en
answer	answer	5170	en
added	added	5160	en
al	al	5160	en
alone	alone	5160	en
average	average	5160	en
areas	areas	5150	en
amount	amount	5130	en
attention	attention	5110	en
amazing	amazing	5100	en
august	august	5100	en
add	add	5090	en
article	article	5090	en
attack	attack	5090	en
army	army	5060	en
australia	australia	5060	en
access	access	5050	en
allowed	allowed	5030	en
album	album	5020	en
addition	addition	5010	en
ahead	ahead	5010	en
allow	allow	5010	en
anti	anti	5010	en
association	association	5010	en
ass	ass	5000	en
absolutely	absolutely	4980	en
additional	additional	4980	en
agree	agree	4970	en
ability	ability	4960	en
announced	announced	4960	en
asking	asking	4960	en
author	author	4950	en
annual	annual	4940	en
anymore	anymore	4940	en
active	active	4930	en
administration	administration	4930	en
approach	approach	4930	en
australian	australian	4930	en
africa	africa	4920	en
awesome	awesome	4920	en
activities	activities	4910	en
address	address	4910	en
analysis	analysis	4910	en
anyway	anyway	4910	en
associated	associated	4890	en
advice	advice	4880	en
agreement	agreement	4880	en
award	award	4880	en
agency	agency	4870	en
avoid	avoid	4870	en
activity	activity	4860	en
app	app	4860	en
application	application	4860	en
accept	accept	4850	en
actual	actual	4850	en
appear	appear	4850	en
attempt	attempt	4850	en
agreed	agreed	4840	en
airport	airport	4840	en
animals	animals	4840	en
appears	appears	4840	en
americans	americans	4830	en
appeared	appeared	4830	en
acting	acting	4820	en
actions	actions	4820	en
african	african	4820	en
arms	arms	4820	en
agent	agent	4810	en
animal	animal	4810	en
apply	apply	4810	en
authority	authority	4810	en
adult	adult	4800	en
apparently	apparently	4800	en
artist	artist	4800	en
arrived	arrived	4790	en
advantage	advantage	4780	en
apart	apart	4780	en
aware	aware	4780	en
ad	ad	4760	en
alive	alive	4760	en
apple	apple	4760	en
aid	aid	4750	en
appreciate	appreciate	4740	en
accounts	accounts	4730	en
angeles	angeles	4730	en
arm	arm	4730	en
audience	audience	4730	en
afternoon	afternoon	4720	en
accident	accident	4710	en
advanced	advanced	4710	en
alternative	alternative	4710	en
anywhere	anywhere	4710	en
articles	articles	4710	en
awards	awards	4710	en
afraid	afraid	4700	en
arts	arts	4700	en
appearance	appearance	4690	en
asian	asian	4690	en
attorney	attorney	4690	en
ancient	ancient	4680	en
attacks	attacks	4680	en
accepted	accepted	4670	en
adding	adding	4670	en
affairs	affairs	4670	en
allows	allows	4670	en
appeal	appeal	4670	en
applied	applied	4670	en
appropriate	appropriate	4670	en
artists	artists	4670	en
abuse	abuse	4660	en
angry	angry	4660	en
actor	actor	4650	en
advance	advance	4650	en
apartment	apartment	4650	en
asia	asia	4650	en
acts	acts	4640	en
affected	affected	4640	en
aircraft	aircraft	4640	en
applications	applications	4640	en
approved	approved	4640	en
approximately	approximately	4640	en
argument	argument	4640	en
arrested	arrested	4640	en
ah	ah	4630	en
authorities	authorities	4630	en
alex	alex	4620	en
allowing	allowing	4620	en
alcohol	alcohol	4610	en
assembly	assembly	4610	en
answers	answers	4600	en
adults	adults	4590	en
affect	affect	4590	en
appointed	appointed	4590	en
armed	armed	4590	en
aside	aside	4590	en
assistance	assistance	4590	en
admit	admit	4580	en
attitude	attitude	4580	en
academic	academic	4570	en
academy	academy	4570	en
accurate	accurate	4570	en
achieve	achieve	4570	en
adam	adam	4570	en
afford	afford	4570	en
andrew	andrew	4570	en
assume	assume	4570	en
anybody	anybody	4560	en
assets	assets	4560	en
agents	agents	4550	en
amazon	amazon	4550	en
arrest	arrest	4550	en
attend	attend	4550	en
absolute	absolute	4540	en
advertising	advertising	4540	en
agencies	agencies	4540	en
ages	ages	4530	en
anniversary	anniversary	4530	en
attractive	attractive	4530	en
attached	attached	4520	en
attacked	attacked	4520	en
automatically	automatically	4520	en
adopted	adopted	4510	en
aim	aim	4510	en
aged	aged	4500	en
approval	approval	4500	en
aspects	aspects	4500	en
attempts	attempts	4500	en
achieved	achieved	4490	en
admitted	admitted	4490	en
appointment	appointment	4490	en
authors	authors	4490	en
auto	auto	4480	en
attended	attended	4470	en
audio	audio	4470	en
accused	accused	4460	en
adventure	adventure	4460	en
argue	argue	4460	en
assessment	assessment	4460	en
atmosphere	atmosphere	4460	en
awful	awful	4460	en
acid	acid	4450	en
actress	actress	4450	en
administrative	administrative	4450	en
alan	alan	4450	en
alongside	alongside	4450	en
angel	angel	4450	en
anxiety	anxiety	4450	en
arrival	arrival	4440	en
asks	asks	4440	en
assault	assault	4440	en
awareness	awareness	4440	en
andy	andy	4430	en
avenue	avenue	4430	en
afterwards	afterwards	4420	en
alright	alright	4420	en
android	android	4420	en
anger	anger	4420	en
architecture	architecture	4420	en
assist	assist	4420	en
attempted	attempted	4420	en
amounts	amounts	4410	en
anthony	anthony	4410	en
arthur	arthur	4410	en
aspect	aspect	4410	en
abandoned	abandoned	4400	en
acquired	acquired	4400	en
actors	actors	4400	en
alexander	alexander	4400	en
alliance	alliance	4400	en
annoying	annoying	4400	en
ap	ap	4400	en
abroad	abroad	4390	en
arab	arab	4390	en
be	be	6790	en
by	by	6660	en
but	but	6630	en
been	been	6270	en
back	back	6040	en
because	because	6030	en
being	being	5950	en
before	before	5930	en
best	best	5840	en
both	both	5790	en
between	between	5770	en
better	better	5760	en
big	big	5670	en
business	business	5560	en
bad	bad	5530	en
based	based	5510	en
believe	believe	5510	en
black	black	5460	en
book	book	5430	en
become	become	5400	en
body	body	5400	en
bit	bit	5370	en
buy	buy	5320	en
behind	behind	5290	en
building	building	5290	en
bring	bring	5270	en
baby	baby	5260	en
board	board	5240	en
beautiful	beautiful	5220	en
break	break	5180	en
british	british	5180	en
boy	boy	5170	en
bank	bank	5160	en
brought	brought	5160	en
became	became	5150	en
bill	bill	5150	en
books	books	5150	en
blue	blue	5130	en
brother	brother	5110	en
blood	blood	5100	en
born	born	5090	en
bed	bed	5070	en
began	began	5070	en
built	built	5070	en
base	base	5050	en
below	below	5050	en
ball	ball	5040	en
box	box	5040	en
build	build	5040	en
boys	boys	5030	en
beat	beat	5010	en
brown	brown	5010	en
beginning	beginning	5000	en
beyond	beyond	4980	en
bar	bar	4940	en
battle	battle	4940	en
brain	brain	4940	en
biggest	biggest	4930	en
band	band	4920	en
beach	beach	4920	en
bought	bought	4910	en
basic	basic	4890	en
block	block	4880	en
broken	broken	4880	en
broke	broke	4850	en
begin	begin	4840	en
benefits	benefits	4840	en
bottom	bottom	4840	en
becomes	becomes	4830	en
brand	brand	4830	en
bus	bus	4830	en
benefit	benefit	4820	en
budget	budget	4820	en
basis	basis	4810	en
becoming	becoming	4810	en
bag	bag	4790	en
bet	bet	4790	en
background	background	4770	en
birth	birth	4770	en
bridge	bridge	4770	en
balance	balance	4760	en
birthday	birthday	4760	en
bitch	bitch	4760	en
boss	boss	4760	en
beauty	beauty	4750	en
believed	believed	4750	en
billion	billion	4750	en
busy	busy	4750	en
buying	buying	4750	en
bigger	bigger	4740	en
breaking	breaking	4740	en
bay	bay	4730	en
blog	blog	4730	en
britain	britain	4720	en
bear	bear	4710	en
boat	boat	4710	en
bringing	bringing	4710	en
beer	beer	4700	en
border	border	4700	en
banks	banks	4690	en
behavior	behavior	4690	en
ben	ben	4690	en
bodies	bodies	4690	en
brothers	brothers	4690	en
buildings	buildings	4690	en
boston	boston	4670	en
businesses	businesses	4660	en
basically	basically	4630	en
besides	besides	4630	en
bird	bird	4630	en
blame	blame	4630	en
bob	bob	4630	en
bowl	bowl	4630	en
begins	begins	4620	en
breakfast	breakfast	4610	en
bright	bright	4610	en
brings	brings	4610	en
birds	birds	4600	en
bomb	bomb	4600	en
bell	bell	4590	en
blow	blow	4590	en
bond	bond	4590	en
boyfriend	boyfriend	4590	en
branch	branch	4580	en
brazil	brazil	4580	en
bottle	bottle	4570	en
bunch	bunch	4570	en
basketball	basketball	4560	en
button	button	4560	en
ban	ban	4550	en
brilliant	brilliant	4550	en
baseball	baseball	4540	en
bathroom	bathroom	4540	en
bible	bible	4540	en
bike	bike	4530	en
broad	broad	4530	en
burn	burn	4530	en
balls	balls	4520	en
battery	battery	4520	en
bills	bills	4520	en
blind	blind	4520	en
breath	breath	4520	en
brief	brief	4520	en
bread	bread	4500	en
burning	burning	4500	en
barely	barely	4490	en
bush	bush	4490	en
bone	bone	4470	en
brian	brian	4470	en
bullshit	bullshit	4470	en
bedroom	bedroom	4460	en
belief	belief	4460	en
bound	bound	4460	en
breaks	breaks	4460	en
babies	babies	4450	en
bars	bars	4450	en
bonus	bonus	4450	en
badly	badly	4440	en
bath	bath	4440	en
bags	bags	4430	en
beating	beating	4430	en
believes	believes	4430	en
blocks	blocks	4430	en
boring	boring	4430	en
behalf	behalf	4420	en
belt	belt	4420	en
banned	banned	4410	en
boost	boost	4410	en
bureau	bureau	4410	en
bid	bid	4400	en
bro	bro	4400	en
buddy	buddy	4400	en
buried	buried	4400	en
butter	butter	4400	en
bench	bench	4390	en
bother	bother	4390	en
broadcast	broadcast	4390	en
bye	bye	4390	en
belong	belong	4380	en
berlin	berlin	4380	en
bishop	bishop	4380	en
bands	bands	4370	en
begun	begun	4360	en
behaviour	behaviour	4360	en
banking	banking	4350	en
breast	breast	4350	en
bears	bears	4340	en
blues	blues	4340	en
boxes	boxes	4340	en
bruce	bruce	4340	en
bull	bull	4340	en
billy	billy	4330	en
boom	boom	4330	en
boots	boots	4330	en
brave	brave	4330	en
bang	bang	4320	en
blast	blast	4320	en
bones	bones	4320	en
brands	brands	4320	en
biological	biological	4310	en
bite	bite	4310	en
blocked	blocked	4310	en
boards	boards	4310	en
burned	burned	4310	en
bat	bat	4300	en
bow	bow	4300	en
beast	beast	4290	en
beef	beef	4290	en
bass	bass	4280	en
bloody	bloody	4280	en
breathing	breathing	4280	en
butt	butt	4280	en
bonds	bonds	4270	en
backed	backed	4260	en
barry	barry	4260	en
bold	bold	4260	en
borders	borders	4260	en
breathe	breathe	4260	en
beliefs	beliefs	4250	en
boats	boats	4250	en
boundaries	boundaries	4250	en
brick	brick	4250	en
brooklyn	brooklyn	4250	en
belongs	belongs	4240	en
beneath	beneath	4240	en
bitcoin	bitcoin	4240	en
bullet	bullet	4240	en
burns	burns	4240	en
backing	backing	4230	en
baker	baker	4230	en
barcelona	barcelona	4230	en
blessed	blessed	4230	en
brazilian	brazilian	4230	en
brush	brush	4230	en
burden	burden	4230	en
baltimore	baltimore	4220	en
batman	batman	4220	en
bearing	bearing	4220	en
beats	beats	4220	en
bin	bin	4220	en
biology	biology	4220	en
bobby	bobby	4220	en
briefly	briefly	4220	en
backup	backup	4210	en
beaten	beaten	4210	en
bitter	bitter	4210	en
blown	blown	4210	en
branches	branches	4210	en
barbara	barbara	4200	en
beta	beta	4200	en
blowing	blowing	4200	en
bored	bored	4200	en
bronze	bronze	4200	en
bug	bug	4200	en
bacteria	bacteria	4190	en
beings	beings	4190	en
can	can	6460	en
could	could	6060	en
come	come	5780	en
city	city	5610	en
company	company	5600	en
called	called	5590	en
care	care	5560	en
case	case	5550	en
change	change	5540	en
call	call	5510	en
came	came	5500	en
country	country	5480	en
children	children	5470	en
car	car	5450	en
course	course	5440	en
court	court	5410	en
coming	coming	5400	en
control	control	5400	en
class	class	5360	en
close	close	5360	en
comes	comes	5360	en
cause	cause	5350	en
community	community	5340	en
check	check	5310	en
child	child	5300	en
college	college	5270	en
current	current	5270	en
chance	chance	5260	en
clear	clear	5250	en
cost	cost	5240	en
cut	cut	5240	en
co	co	5210	en
club	club	5200	en
common	common	5200	en
center	center	5190	en
county	county	5190	en
couple	couple	5190	en
companies	companies	5180	en
certain	certain	5160	en
church	church	5160	en
cool	cool	5150	en
countries	countries	5130	en
central	central	5120	en
changes	changes	5120	en
cannot	cannot	5110	en
character	character	5110	en
chief	chief	5110	en
cup	cup	5110	en
china	china	5100	en
complete	complete	5100	en
choice	choice	5080	en
code	code	5080	en
considered	considered	5080	en
continue	continue	5080	en
council	council	5080	en
cover	cover	5080	en
currently	currently	5080	en
career	career	5070	en
changed	changed	5070	en
crazy	crazy	5070	en
created	created	5050	en
card	card	5040	en
cases	cases	5040	en
culture	culture	5030	en
century	century	5020	en
charge	charge	5020	en
cold	cold	5020	en
create	create	5020	en
capital	capital	5010	en
chinese	chinese	5010	en
committee	committee	5010	en
conference	conference	5010	en
california	california	5000	en
campaign	campaign	5000	en
certainly	certainly	5000	en
completely	completely	5000	en
content	content	5000	en
credit	credit	5000	en
cross	cross	5000	en
consider	consider	4990	en
contact	contact	4990	en
conditions	conditions	4980	en
canada	canada	4970	en
clean	clean	4970	en
computer	computer	4970	en
construction	construction	4970	en
calling	calling	4960	en
coach	coach	4960	en
collection	collection	4960	en
continued	continued	4960	en
costs	costs	4960	en
centre	centre	4950	en
claim	claim	4950	en
contract	contract	4940	en
cancer	cancer	4930	en
civil	civil	4930	en
cash	cash	4920	en
clearly	clearly	4920	en
commercial	commercial	4920	en
compared	compared	4920	en
calls	calls	4910	en
choose	choose	4910	en
christmas	christmas	4910	en
color	color	4910	en
commission	commission	4910	en
competition	competition	4910	en
caught	caught	4900	en
closed	closed	4900	en
congress	congress	4900	en
captain	captain	4890	en
carry	carry	4890	en
cars	cars	4890	en
crime	crime	4890	en
caused	caused	4880	en
challenge	challenge	4880	en
characters	characters	4880	en
christian	christian	4880	en
comment	comment	4880	en
camera	camera	4870	en
catch	catch	4870	en
cell	cell	4870	en
coast	coast	4870	en
comments	comments	4870	en
claims	claims	4860	en
coffee	coffee	4860	en
complex	complex	4860	en
condition	condition	4860	en
channel	channel	4850	en
cities	cities	4840	en
cent	cent	4830	en
chicago	chicago	4830	en
count	count	4830	en
covered	covered	4830	en
critical	critical	4830	en
click	click	4820	en
chris	chris	4810	en
chairman	chairman	4800	en
camp	camp	4790	en
cast	cast	4790	en
christ	christ	4790	en
continues	continues	4790	en
correct	correct	4790	en
cat	cat	4780	en
customers	customers	4780	en
carried	carried	4770	en
charles	charles	4770	en
classes	classes	4770	en
completed	completed	4770	en
concept	concept	4770	en
copy	copy	4770	en
cards	cards	4760	en
changing	changing	4760	en
connection	connection	4760	en
cells	cells	4750	en
concerned	concerned	4750	en
conversation	conversation	4750	en
corner	corner	4750	en
criminal	criminal	4750	en
cultural	cultural	4750	en
closer	closer	4730	en
core	core	4730	en
citizens	citizens	4720	en
classic	classic	4720	en
clothes	clothes	4720	en
capacity	capacity	4710	en
cheap	cheap	4710	en
climate	climate	4710	en
communities	communities	4710	en
canadian	canadian	4700	en
command	command	4700	en
crew	crew	4700	en
crowd	crowd	4700	en
chair	chair	4690	en
creating	creating	4690	en
charges	charges	4680	en
combined	combined	4680	en
communication	communication	4680	en
connected	connected	4680	en
contains	contains	4680	en
ca	ca	4670	en
confirmed	confirmed	4670	en
candidate	candidate	4660	en
comfortable	comfortable	4660	en
concern	concern	4660	en
chain	chain	4650	en
chapter	chapter	4650	en
committed	committed	4650	en
confidence	confidence	4650	en
cook	cook	4650	en
cute	cute	4650	en
claimed	claimed	4640	en
conflict	conflict	4640	en
considering	considering	4640	en
corporate	corporate	4640	en
causes	causes	4630	en
chicken	chicken	4630	en
collected	collected	4630	en
context	context	4630	en
coverage	coverage	4630	en
champion	champion	4620	en
charged	charged	4620	en
cream	cream	4620	en
crisis	crisis	4620	en
capable	capable	4610	en
carrying	carrying	4610	en
chosen	chosen	4610	en
combination	combination	4610	en
conservative	conservative	4610	en
customer	customer	4610	en
cutting	cutting	4610	en
creative	creative	4600	en
cycle	cycle	4600	en
careful	careful	4590	en
circumstances	circumstances	4590	en
communications	communications	4590	en
concerns	concerns	4590	en
controlled	controlled	4590	en
corporation	corporation	4590	en
cry	cry	4590	en
conducted	conducted	4580	en
category	category	4570	en
chat	chat	4570	en
cheese	cheese	4570	en
chemical	chemical	4570	en
clinton	clinton	4570	en
competitive	competitive	4570	en
candidates	candidates	4560	en
combat	combat	4560	en
constitution	constitution	4560	en
consumer	consumer	4560	en
counter	counter	4560	en
creation	creation	4560	en
crown	crown	4560	en
crying	crying	4560	en
carbon	carbon	4550	en
catholic	catholic	4550	en
chose	chose	4550	en
circle	circle	4550	en
concert	concert	4550	en
crash	crash	4550	en
cable	cable	4540	en
calm	calm	4540	en
championship	championship	4540	en
checked	checked	4540	en
client	client	4540	en
constant	constant	4540	en
cake	cake	4530	en
causing	causing	4530	en
closely	closely	4530	en
constantly	constantly	4530	en
contest	contest	4530	en
carolina	carolina	4520	en
chest	chest	4520	en
conduct	conduct	4520	en
campus	campus	4510	en
cap	cap	4510	en
do	do	6350	en
did	did	5960	en
day	day	5950	en
down	down	5880	en
does	does	5740	en
during	during	5720	en
days	days	5610	en
doing	doing	5600	en
different	different	5590	en
done	done	5580	en
death	death	5400	en
due	due	5350	en
data	data	5340	en
deal	deal	5320	en
development	development	5310	en
dr	dr	5240	en
de	de	5230	en
department	department	5230	en
date	date	5220	en
died	died	5200	en
dead	dead	5190	en
design	design	5170	en
director	director	5150	en
david	david	5130	en
drive	drive	5130	en
dog	dog	5100	en
damn	damn	5090	en
decided	decided	5090	en
decision	decision	5090	en
door	door	5080	en
daily	daily	5070	en
daughter	daughter	5070	en
december	december	5070	en
die	die	5070	en
difficult	difficult	5070	en
deep	deep	5050	en
dark	dark	5040	en
district	district	5040	en
difference	difference	5010	en
double	double	5010	en
described	described	5000	en
despite	despite	5000	en
drop	drop	4990	en
definitely	definitely	4960	en
designed	designed	4960	en
dad	dad	4950	en
developed	developed	4950	en
degree	degree	4940	en
dance	dance	4930	en
defense	defense	4930	en
direction	direction	4930	en
details	details	4910	en
direct	direct	4910	en
dream	dream	4910	en
damage	damage	4900	en
directly	directly	4900	en
disease	disease	4900	en
doctor	doctor	4900	en
doubt	doubt	4900	en
drink	drink	4900	en
driving	driving	4900	en
drug	drug	4870	en
division	division	4860	en
distance	distance	4850	en
demand	demand	4840	en
digital	digital	4830	en
draw	draw	4810	en
dude	dude	4810	en
dangerous	dangerous	4790	en
decide	decide	4780	en
dinner	dinner	4780	en
dollars	dollars	4780	en
dear	dear	4770	en
dogs	dogs	4770	en
drugs	drugs	4770	en
dress	dress	4760	en
develop	develop	4750	en
driver	driver	4750	en
discovered	discovered	4740	en
dont	dont	4740	en
dry	dry	4740	en
democratic	democratic	4730	en
description	description	4730	en
dropped	dropped	4730	en
decisions	decisions	4720	en
discussion	discussion	4710	en
drinking	drinking	4710	en
duty	duty	4710	en
dating	dating	4700	en
dick	dick	4700	en
debt	debt	4690	en
domestic	domestic	4690	en
download	download	4680	en
device	device	4670	en
drama	drama	4670	en
developing	developing	4660	en
discuss	discuss	4660	en
debate	debate	4640	en
determined	determined	4640	en
distribution	distribution	4640	en
documents	documents	4640	en
determine	determine	4630	en
display	display	4630	en
dying	dying	4630	en
daniel	daniel	4620	en
delivered	delivered	4620	en
desire	desire	4610	en
destroyed	destroyed	4610	en
draft	draft	4610	en
drunk	drunk	4610	en
dealing	dealing	4600	en
directed	directed	4600	en
don	don	4600	en
danger	danger	4590	en
deals	deals	4590	en
delivery	delivery	4590	en
deserve	deserve	4590	en
devices	devices	4590	en
dollar	dollar	4590	en
dreams	dreams	4590	en
decades	decades	4580	en
dedicated	dedicated	4580	en
definition	definition	4580	en
drawing	drawing	4580	en
detail	detail	4570	en
diet	diet	4570	en
defined	defined	4560	en
depending	depending	4560	en
depression	depression	4560	en
describe	describe	4560	en
drivers	drivers	4560	en
declared	declared	4550	en
deliver	deliver	4550	en
depth	depth	4550	en
deputy	deputy	4550	en
dirty	dirty	4550	en
doctors	doctors	4550	en
da	da	4540	en
dates	dates	4540	en
degrees	degrees	4540	en
democrats	democrats	4540	en
doors	doors	4540	en
driven	driven	4540	en
dumb	dumb	4540	en
deaths	deaths	4530	en
depends	depends	4530	en
drawn	drawn	4530	en
debut	debut	4520	en
decade	decade	4520	en
destroy	destroy	4520	en
differences	differences	4520	en
dan	dan	4510	en
defeat	defeat	4510	en
defence	defence	4510	en
democracy	democracy	4510	en
detailed	detailed	4510	en
dancing	dancing	4500	en
document	document	4500	en
davis	davis	4490	en
dna	dna	4490	en
defend	defend	4470	en
divided	divided	4470	en
donald	donald	4460	en
drew	drew	4460	en
directors	directors	4450	en
discovery	discovery	4450	en
discussed	discussed	4450	en
duke	duke	4450	en
dave	dave	4440	en
deeply	deeply	4440	en
denied	denied	4430	en
desk	desk	4430	en
drinks	drinks	4430	en
dallas	dallas	4420	en
designer	designer	4420	en
diamond	diamond	4420	en
disappointed	disappointed	4420	en
dressed	dressed	4420	en
deck	deck	4410	en
demands	demands	4410	en
dies	dies	4410	en
dragon	dragon	4410	en
dramatic	dramatic	4410	en
dust	dust	4410	en
dutch	dutch	4410	en
dean	dean	4400	en
decent	decent	4400	en
decline	decline	4400	en
delay	delay	4400	en
describes	describes	4400	en
desert	desert	4400	en
downtown	downtown	4400	en
damaged	damaged	4390	en
disaster	disaster	4390	en
discover	discover	4390	en
disney	disney	4390	en
defensive	defensive	4380	en
designs	designs	4380	en
daddy	daddy	4360	en
destruction	destruction	4360	en
diego	diego	4360	en
diseases	diseases	4360	en
divorce	divorce	4360	en
doc	doc	4360	en
drove	drove	4360	en
detroit	detroit	4350	en
discount	discount	4350	en
dozen	dozen	4350	en
delicious	delicious	4340	en
deny	deny	4340	en
deserves	deserves	4340	en
defending	defending	4330	en
density	density	4330	en
di	di	4330	en
difficulty	difficulty	4330	en
dropping	dropping	4330	en
drops	drops	4330	en
del	del	4320	en
desperate	desperate	4320	en
diversity	diversity	4320	en
duties	duties	4320	en
dare	dare	4310	en
database	database	4310	en
define	define	4310	en
discrimination	discrimination	4310	en
disorder	disorder	4310	en
distributed	distributed	4310	en
districts	districts	4310	en
documentary	documentary	4310	en
domain	domain	4310	en
dynamic	dynamic	4310	en
darkness	darkness	4300	en
deeper	deeper	4300	en
devil	devil	4300	en
dated	dated	4290	en
dec	dec	4290	en
default	default	4290	en
delhi	delhi	4290	en
derived	derived	4290	en
dialogue	dialogue	4290	en
disabled	disabled	4290	en
distinct	distinct	4290	en
drag	drag	4290	en
daughters	daughters	4280	en
dependent	dependent	4280	en
discussions	discussions	4280	en
drives	drives	4280	en
dual	dual	4280	en
dawn	dawn	4270	en
dispute	dispute	4270	en
disappeared	disappeared	4260	en
danny	danny	4250	en
des	des	4250	en
designated	designated	4250	en
democrat	democrat	4240	en
deposit	deposit	4240	en
even	even	5990	en
every	every	5790	en
each	each	5690	en
end	end	5680	en
ever	ever	5660	en
enough	enough	5540	en
everything	everything	5540	en
everyone	everyone	5470	en
early	early	5430	en
else	else	5380	en
either	either	5330	en
easy	easy	5290	en
education	education	5280	en
example	example	5270	en
experience	experience	5270	en
energy	energy	5230	en
especially	especially	5210	en
eyes	eyes	5210	en
english	english	5190	en
event	event	5180	en
east	east	5160	en
exactly	exactly	5150	en
evidence	evidence	5140	en
eat	eat	5130	en
england	england	5120	en
economic	economic	5100	en
enjoy	enjoy	5090	en
entire	entire	5090	en
election	election	5080	en
european	european	5080	en
events	events	5080	en
earth	earth	5060	en
europe	europe	5040	en
etc	etc	5030	en
effect	effect	5020	en
eight	eight	5020	en
except	except	5020	en
eye	eye	5020	en
expect	expect	5010	en
earlier	earlier	4980	en
extra	extra	4980	en
episode	episode	4970	en
expected	expected	4960	en
effort	effort	4920	en
ended	ended	4920	en
easily	easily	4910	en
established	established	4900	en
effective	effective	4890	en
effects	effects	4890	en
explain	explain	4890	en
equipment	equipment	4880	en
eventually	eventually	4880	en
economy	economy	4870	en
environment	environment	4870	en
executive	executive	4870	en
evening	evening	4860	en
eating	eating	4850	en
exchange	exchange	4850	en
engine	engine	4840	en
everybody	everybody	4840	en
estate	estate	4820	en
employees	employees	4810	en
enter	enter	4810	en
ex	ex	4810	en
edition	edition	4800	en
engineering	engineering	4800	en
ed	ed	4790	en
extremely	extremely	4790	en
eastern	eastern	4780	en
efforts	efforts	4770	en
easier	easier	4760	en
ends	ends	4750	en
existing	existing	4750	en
edge	edge	4740	en
evil	evil	4740	en
excited	excited	4740	en
excellent	excellent	4730	en
exist	exist	4730	en
electric	electric	4720	en
emergency	emergency	4720	en
entered	entered	4720	en
entirely	entirely	4720	en
elements	elements	4700	en
enemy	enemy	4700	en
ensure	ensure	4700	en
environmental	environmental	4700	en
expensive	expensive	4690	en
email	email	4680	en
ending	ending	4680	en
exercise	exercise	4680	en
express	express	4680	en
entry	entry	4670	en
era	era	4670	en
elections	elections	4660	en
emotional	emotional	4660	en
et	et	4660	en
everywhere	everywhere	4660	en
equal	equal	4650	en
escape	escape	4640	en
extended	extended	4640	en
elected	elected	4630	en
examples	examples	4630	en
experienced	experienced	4630	en
editor	editor	4620	en
estimated	estimated	4620	en
eu	eu	4620	en
essential	essential	4610	en
educational	educational	4600	en
entertainment	entertainment	4600	en
extreme	extreme	4600	en
empty	empty	4590	en
enjoyed	enjoyed	4590	en
explained	explained	4590	en
em	em	4570	en
el	el	4560	en
employment	employment	4560	en
exclusive	exclusive	4560	en
excuse	excuse	4560	en
expert	expert	4560	en
earned	earned	4550	en
electronic	electronic	4550	en
error	error	4550	en
existence	existence	4550	en
experiences	experiences	4550	en
expression	expression	4550	en
empire	empire	4540	en
exciting	exciting	4540	en
expansion	expansion	4540	en
edward	edward	4520	en
engaged	engaged	4520	en
experts	experts	4520	en
expressed	expressed	4520	en
external	external	4520	en
entitled	entitled	4510	en
exact	exact	4510	en
exposed	exposed	4510	en
eggs	eggs	4500	en
employee	employee	4500	en
en	en	4500	en
engineer	engineer	4500	en
equivalent	equivalent	4500	en
effectively	effectively	4490	en
eric	eric	4490	en
extensive	extensive	4490	en
earn	earn	4480	en
exists	exists	4480	en
elizabeth	elizabeth	4470	en
everyday	everyday	4470	en
extent	extent	4470	en
egg	egg	4460	en
element	element	4460	en
elsewhere	elsewhere	4460	en
establish	establish	4460	en
extension	extension	4460	en
egypt	egypt	4450	en
encourage	encourage	4450	en
enforcement	enforcement	4450	en
expectations	expectations	4440	en
explanation	explanation	4440	en
exposure	exposure	4440	en
ear	ear	4430	en
electricity	electricity	4430	en
episodes	episodes	4430	en
economics	economics	4420	en
efficient	efficient	4420	en
electrical	electrical	4420	en
employed	employed	4420	en
enjoying	enjoying	4420	en
entering	entering	4420	en
essentially	essentially	4420	en
establishment	establishment	4420	en
expecting	expecting	4420	en
explains	explains	4420	en
engineers	engineers	4410	en
evolution	evolution	4410	en
elite	elite	4400	en
enemies	enemies	4400	en
entrance	entrance	4390	en
equally	equally	4390	en
efficiency	efficiency	4380	en
enterprise	enterprise	4380	en
experiment	experiment	4380	en
emotions	emotions	4370	en
exhibition	exhibition	4370	en
ears	ears	4360	en
engage	engage	4360	en
extraordinary	extraordinary	4360	en
engines	engines	4350	en
epic	epic	4350	en
exception	exception	4350	en
exit	exit	4350	en
expand	expand	4350	en
ease	ease	4340	en
extend	extend	4340	en
elementary	elementary	4330	en
ethnic	ethnic	4330	en
expenses	expenses	4330	en
encouraged	encouraged	4320	en
eve	eve	4320	en
edited	edited	4310	en
engagement	engagement	4310	en
explore	explore	4310	en
edit	edit	4300	en
enable	enable	4300	en
equity	equity	4300	en
estimates	estimates	4300	en
educated	educated	4290	en
eligible	eligible	4290	en
estimate	estimate	4290	en
execution	execution	4290	en
existed	existed	4290	en
edinburgh	edinburgh	4280	en
equipped	equipped	4280	en
expanded	expanded	4280	en
experimental	experimental	4280	en
earnings	earnings	4270	en
editing	editing	4270	en
executed	executed	4270	en
eh	eh	4260	en
encounter	encounter	4260	en
equality	equality	4260	en
exam	exam	4260	en
examination	examination	4260	en
emperor	emperor	4250	en
employers	employers	4250	en
enormous	enormous	4250	en
errors	errors	4250	en
emails	emails	4240	en
er	er	4240	en
exclusively	exclusively	4240	en
export	export	4240	en
earning	earning	4230	en
emma	emma	4230	en
essay	essay	4230	en
expense	expense	4230	en
explaining	explaining	4230	en
eagles	eagles	4220	en
employer	employer	4220	en
evans	evans	4220	en
explosion	explosion	4220	en
egyptian	egyptian	4210	en
ep	ep	4210	en
evaluation	evaluation	4210	en
excess	excess	4210	en
eighth	eighth	4200	en
experiments	experiments	4200	en
electronics	electronics	4190	en
emerging	emerging	4190	en
emotion	emotion	4190	en
emphasis	emphasis	4190	en
ethics	ethics	4190	en
excitement	excitement	4190	en
exploration	exploration	4190	en
earl	earl	4180	en
endless	endless	4180	en
escaped	escaped	4180	en
for	for	7010	en
from	from	6630	en
first	first	6110	en
find	find	5760	en
found	found	5680	en
feel	feel	5670	en
family	family	5660	en
free	free	5630	en
few	few	5600	en
full	full	5540	en
four	four	5530	en
far	far	5500	en
following	following	5460	en
face	face	5450	en
five	five	5450	en
friends	friends	5430	en
fact	fact	5410	en
food	food	5400	en
fuck	fuck	5390	en
friend	friend	5370	en
fucking	fucking	5330	en
future	future	5330	en
form	form	5310	en
further	further	5310	en
fire	fire	5300	en
fun	fun	5300	en
final	final	5280	en
former	former	5280	en
front	front	5280	en
father	father	5260	en
field	field	5240	en
fight	fight	5230	en
fine	fine	5230	en
force	force	5230	en
film	film	5200	en
finally	finally	5170	en
follow	follow	5140	en
fall	fall	5130	en
fast	fast	5130	en
federal	federal	5130	en
feeling	feeling	5130	en
felt	felt	5130	en
forward	forward	5120	en
football	football	5110	en
french	french	5090	en
financial	financial	5080	en
foreign	foreign	5080	en
figure	figure	5070	en
forget	forget	5060	en
followed	followed	5050	en
fans	fans	5030	en
february	february	5030	en
funny	funny	5020	en
female	female	5000	en
focus	focus	5000	en
fair	fair	4990	en
feet	feet	4990	en
forces	forces	4980	en
favorite	favorite	4970	en
friday	friday	4960	en
fear	fear	4950	en
fit	fit	4950	en
families	families	4940	en
features	features	4940	en
finished	finished	4940	en
floor	floor	4940	en
france	france	4940	en
fan	fan	4920	en
fighting	fighting	4920	en
finish	finish	4910	en
facebook	facebook	4900	en
feels	feels	4900	en
fish	fish	4900	en
fully	fully	4890	en
foot	foot	4870	en
flight	flight	4860	en
freedom	freedom	4860	en
fat	fat	4850	en
fell	fell	4850	en
finding	finding	4850	en
famous	famous	4840	en
forced	forced	4830	en
fourth	fourth	4830	en
fresh	fresh	4830	en
failed	failed	4820	en
faith	faith	4820	en
fashion	fashion	4820	en
feature	feature	4820	en
fund	fund	4820	en
follows	follows	4810	en
foundation	foundation	4810	en
firm	firm	4790	en
fifth	fifth	4780	en
function	function	4780	en
fellow	fellow	4760	en
florida	florida	4760	en
farm	farm	4750	en
file	file	4750	en
fix	fix	4750	en
fly	fly	4750	en
frank	frank	4750	en
forever	forever	4740	en
funds	funds	4740	en
figures	figures	4730	en
forms	forms	4730	en
facts	facts	4720	en
failure	failure	4720	en
festival	festival	4720	en
flat	flat	4720	en
fuel	fuel	4720	en
fantastic	fantastic	4710	en
feelings	feelings	4710	en
flying	flying	4710	en
filled	filled	4700	en
fixed	fixed	4700	en
forest	forest	4700	en
flow	flow	4680	en
formed	formed	4680	en
factor	factor	4670	en
feed	feed	4670	en
facilities	facilities	4660	en
falling	falling	4660	en
fox	fox	4660	en
fake	fake	4650	en
finance	finance	4650	en
focused	focused	4650	en
factors	factors	4640	en
faster	faster	4640	en
fault	fault	4640	en
fill	fill	4640	en
films	films	4640	en
flowers	flowers	4640	en
friendly	friendly	4640	en
falls	falls	4630	en
false	false	4630	en
fired	fired	4630	en
forgot	forgot	4630	en
funding	funding	4630	en
fail	fail	4610	en
familiar	familiar	4610	en
finds	finds	4610	en
facility	facility	4600	en
fields	fields	4600	en
faces	faces	4590	en
folks	folks	4590	en
fucked	fucked	4590	en
favor	favor	4580	en
flag	flag	4580	en
frame	frame	4580	en
favourite	favourite	4570	en
fruit	fruit	4570	en
frequently	frequently	4560	en
factory	factory	4550	en
fees	fees	4530	en
francisco	francisco	4530	en
fantasy	fantasy	4520	en
fed	fed	4510	en
fee	fee	4510	en
facing	facing	4500	en
fairly	fairly	4500	en
fingers	fingers	4500	en
ford	ford	4500	en
founded	founded	4500	en
functions	functions	4500	en
faced	faced	4490	en
filed	filed	4490	en
formation	formation	4490	en
fought	fought	4490	en
finger	finger	4480	en
fishing	fishing	4470	en
format	format	4470	en
files	files	4460	en
founder	founder	4460	en
featuring	featuring	4450	en
finals	finals	4450	en
flash	flash	4450	en
formal	formal	4450	en
formula	formula	4450	en
fort	fort	4450	en
featured	featured	4440	en
fiction	fiction	4440	en
farmers	farmers	4430	en
fbi	fbi	4430	en
flower	flower	4420	en
foods	foods	4410	en
forgotten	forgotten	4400	en
forth	forth	4400	en
fallen	fallen	4390	en
figured	figured	4390	en
fitness	fitness	4390	en
francis	francis	4390	en
friendship	friendship	4390	en
feb	feb	4380	en
females	females	4380	en
findings	findings	4380	en
firms	firms	4380	en
forum	forum	4380	en
fraud	fraud	4370	en
funeral	funeral	4370	en
fate	fate	4360	en
frequency	frequency	4360	en
fancy	fancy	4350	en
fame	fame	4340	en
flood	flood	4340	en
fleet	fleet	4330	en
foster	foster	4330	en
fuckin	fuckin	4330	en
fundamental	fundamental	4330	en
faculty	faculty	4320	en
feedback	feedback	4320	en
fighter	fighter	4320	en
frozen	frozen	4320	en
favour	favour	4310	en
fewer	fewer	4310	en
footage	footage	4310	en
failing	failing	4300	en
finishing	finishing	4300	en
fortune	fortune	4300	en
fifty	fifty	4290	en
followers	followers	4290	en
fool	fool	4290	en
framework	framework	4290	en
franchise	franchise	4290	en
funded	funded	4290	en
furniture	furniture	4290	en
feeding	feeding	4280	en
filter	filter	4280	en
firing	firing	4270	en
fits	fits	4270	en
frequent	frequent	4270	en
fails	fails	4260	en
federation	federation	4260	en
fi	fi	4260	en
fiscal	fiscal	4260	en
focusing	focusing	4250	en
forgive	forgive	4250	en
fastest	fastest	4240	en
formerly	formerly	4240	en
functional	functional	4240	en
furthermore	furthermore	4230	en
fever	fever	4220	en
fluid	fluid	4220	en
folk	folk	4220	en
farming	farming	4210	en
fence	fence	4210	en
fifa	fifa	4210	en
fighters	fighters	4210	en
flights	flights	4210	en
forcing	forcing	4210	en
forming	forming	4210	en
franklin	franklin	4210	en
fred	fred	4210	en
fa	fa	4200	en
flesh	flesh	4200	en
flip	flip	4200	en
forty	forty	4200	en
get	get	6280	en
good	good	6120	en
go	go	6030	en
going	going	5940	en
got	got	5910	en
great	great	5880	en
game	game	5720	en
give	give	5710	en
getting	getting	5570	en
god	god	5570	en
government	government	5570	en
group	group	5570	en
general	general	5470	en
games	games	5440	en
given	given	5410	en
guys	guys	5410	en
guy	guy	5400	en
girl	girl	5380	en
gonna	gonna	5290	en
gave	gave	5250	en
gets	gets	5250	en
goes	goes	5220	en
girls	girls	5170	en
gold	gold	5170	en
gone	gone	5170	en
guess	guess	5170	en
giving	giving	5150	en
ground	ground	5150	en
green	green	5130	en
groups	groups	5120	en
goal	goal	5060	en
george	george	5040	en
gives	gives	5030	en
growth	growth	5030	en
gas	gas	5010	en
gun	gun	4960	en
generally	generally	4950	en
german	german	4950	en
global	global	4950	en
goals	goals	4950	en
gotta	gotta	4950	en
growing	growing	4940	en
grand	grand	4910	en
gay	gay	4900	en
germany	germany	4900	en
glad	glad	4900	en
greater	greater	4900	en
grow	grow	4900	en
google	google	4860	en
glass	glass	4850	en
generation	generation	4820	en
gain	gain	4810	en
grade	grade	4800	en
greatest	greatest	4790	en
gift	gift	4780	en
garden	garden	4770	en
guide	guide	4750	en
guard	guard	4730	en
governor	governor	4710	en
grew	grew	4690	en
girlfriend	girlfriend	4680	en
golden	golden	4670	en
grant	grant	4670	en
grown	grown	4670	en
guns	guns	4660	en
giant	giant	4620	en
granted	granted	4610	en
guilty	guilty	4610	en
goods	goods	4600	en
gender	gender	4590	en
guest	guest	4580	en
golf	golf	4560	en
grace	grace	4560	en
grab	grab	4520	en
gang	gang	4500	en
graduate	graduate	4500	en
greek	greek	4500	en
gained	gained	4490	en
gallery	gallery	4490	en
grey	grey	4480	en
guitar	guitar	4480	en
gap	gap	4470	en
gate	gate	4470	en
gotten	gotten	4470	en
gear	gear	4460	en
georgia	georgia	4460	en
governments	governments	4450	en
gray	gray	4450	en
gross	gross	4450	en
guarantee	guarantee	4440	en
grounds	grounds	4430	en
gym	gym	4430	en
ghost	ghost	4420	en
guests	guests	4420	en
gods	gods	4400	en
gary	gary	4390	en
gifts	gifts	4380	en
grass	grass	4380	en
genuine	genuine	4370	en
gordon	gordon	4370	en
gaming	gaming	4360	en
gene	gene	4360	en
glory	glory	4360	en
gorgeous	gorgeous	4350	en
grateful	grateful	4350	en
generated	generated	4340	en
genetic	genetic	4340	en
glasses	glasses	4340	en
gen	gen	4330	en
genius	genius	4330	en
greatly	greatly	4330	en
guidance	guidance	4330	en
guards	guards	4320	en
giants	giants	4310	en
grave	grave	4310	en
gates	gates	4300	en
goodbye	goodbye	4300	en
graham	graham	4300	en
generations	generations	4290	en
guaranteed	guaranteed	4290	en
galaxy	galaxy	4280	en
globe	globe	4280	en
grades	grades	4280	en
greece	greece	4280	en
gulf	gulf	4280	en
gardens	gardens	4270	en
gathered	gathered	4270	en
guardian	guardian	4260	en
gains	gains	4250	en
garage	garage	4250	en
gathering	gathering	4250	en
guidelines	guidelines	4250	en
gather	gather	4240	en
grandfather	grandfather	4240	en
graphic	graphic	4230	en
greg	greg	4230	en
generate	generate	4220	en
gop	gop	4220	en
gradually	gradually	4210	en
gravity	gravity	4210	en
generous	generous	4200	en
germans	germans	4200	en
glasgow	glasgow	4190	en
graphics	graphics	4190	en
garbage	garbage	4180	en
gospel	gospel	4180	en
grain	grain	4180	en
grid	grid	4180	en
grows	grows	4180	en
genre	genre	4170	en
gentle	gentle	4170	en
grammar	grammar	4170	en
gentleman	gentleman	4160	en
grants	grants	4150	en
ga	ga	4140	en
genes	genes	4140	en
graduated	graduated	4140	en
grandmother	grandmother	4140	en
gaining	gaining	4130	en
gentlemen	gentlemen	4130	en
goodness	goodness	4130	en
guilt	guilt	4130	en
governing	governing	4120	en
generic	generic	4110	en
grandma	grandma	4110	en
grip	grip	4110	en
genuinely	genuinely	4100	en
governance	governance	4090	en
gambling	gambling	4080	en
gently	gently	4080	en
glorious	glorious	4080	en
grief	grief	4080	en
grabbed	grabbed	4070	en
graduation	graduation	4070	en
grocery	grocery	4060	en
guided	guided	4060	en
guinea	guinea	4060	en
graph	graph	4050	en
gloves	gloves	4040	en
gps	gps	4030	en
gauge	gauge	4020	en
goat	goat	4020	en
graduates	graduates	4020	en
gut	gut	4020	en
goddess	goddess	4010	en
gov	gov	4010	en
geneva	geneva	4000	en
generating	generating	3990	en
goddamn	goddamn	3990	en
guides	guides	3990	en
gameplay	gameplay	3980	en
geography	geography	3980	en
gig	gig	3980	en
geographic	geographic	3970	en
glenn	glenn	3970	en
grande	grande	3970	en
grasp	grasp	3970	en
goin	goin	3950	en
generator	generator	3940	en
grind	grind	3940	en
grinding	grinding	3940	en
grove	grove	3940	en
guessing	guessing	3940	en
gum	gum	3940	en
ginger	ginger	3930	en
governors	governors	3930	en
guild	guild	3930	en
gabriel	gabriel	3920	en
garlic	garlic	3920	en
gaza	gaza	3920	en
gratitude	gratitude	3920	en
genocide	genocide	3910	en
glance	glance	3910	en
glow	glow	3910	en
gesture	gesture	3900	en
ghana	ghana	3900	en
gibson	gibson	3900	en
gif	gif	3900	en
gilbert	gilbert	3900	en
gosh	gosh	3900	en
griffin	griffin	3900	en
garcia	garcia	3890	en
gifted	gifted	3890	en
geometry	geometry	3880	en
ghosts	ghosts	3880	en
gossip	gossip	3880	en
grandparents	grandparents	3880	en
gem	gem	3870	en
glen	glen	3870	en
graves	graves	3870	en
gregory	gregory	3870	en
gaps	gaps	3860	en
granite	granite	3860	en
greens	greens	3860	en
galleries	galleries	3850	en
gasoline	gasoline	3850	en
genesis	genesis	3850	en
geographical	geographical	3850	en
governed	governed	3850	en
governmental	governmental	3850	en
grandson	grandson	3850	en
gel	gel	3840	en
genetics	genetics	3840	en
goose	goose	3840	en
grill	grill	3840	en
grounded	grounded	3840	en
gandhi	gandhi	3830	en
gateway	gateway	3830	en
ge	ge	3830	en
guarantees	guarantees	3830	en
geological	geological	3820	en
globally	globally	3820	en
grams	grams	3820	en
guru	guru	3820	en
gal	gal	3810	en
glimpse	glimpse	3810	en
have	have	6710	en
he	he	6690	en
his	his	6510	en
has	has	6370	en
had	had	6330	en
her	her	6300	en
how	how	6240	en
him	him	6110	en
here	here	5970	en
home	home	5810	en
help	help	5750	en
high	high	5750	en
house	house	5710	en
having	having	5590	en
however	however	5580	en
hard	hard	5530	en
head	head	5510	en
health	health	5440	en
hope	hope	5440	en
half	half	5410	en
hand	hand	5410	en
hours	hours	5400	en
history	history	5390	en
hit	hit	5370	en
happy	happy	5350	en
human	human	5350	en
heart	heart	5310	en
heard	heard	5270	en
himself	himself	5250	en
held	held	5240	en
hear	hear	5230	en
happened	happened	5200	en
happen	happen	5190	en
hold	hold	5190	en
higher	higher	5180	en
hour	hour	5180	en
hands	hands	5160	en
hot	hot	5160	en
hey	hey	5120	en
hate	hate	5110	en
hell	hell	5100	en
hair	hair	5080	en
hospital	hospital	5070	en
huge	huge	5060	en
hi	hi	5000	en
husband	husband	5000	en
happens	happens	4960	en
heavy	heavy	4960	en
hotel	hotel	4950	en
hurt	hurt	4940	en
highly	highly	4890	en
holding	holding	4890	en
helped	helped	4880	en
holy	holy	4880	en
hall	hall	4870	en
heat	heat	4860	en
highest	highest	4860	en
hearing	hearing	4820	en
hill	hill	4820	en
http	http	4810	en
happening	happening	4800	en
healthy	healthy	4800	en
handle	handle	4790	en
helping	helping	4780	en
herself	herself	4780	en
host	host	4770	en
housing	housing	4770	en
horse	horse	4760	en
helps	helps	4740	en
henry	henry	4740	en
honest	honest	4730	en
harry	harry	4720	en
hello	hello	4720	en
houses	houses	4720	en
hundred	hundred	4710	en
historical	historical	4690	en
homes	homes	4690	en
honestly	honestly	4690	en
honor	honor	4690	en
hero	hero	4680	en
heads	heads	4670	en
hoping	hoping	4670	en
hole	hole	4660	en
holiday	holiday	4660	en
hits	hits	4650	en
humans	humans	4610	en
hundreds	hundreds	4610	en
hang	hang	4600	en
holds	holds	4600	en
ha	ha	4580	en
heaven	heaven	4580	en
harder	harder	4570	en
hopefully	hopefully	4560	en
headed	headed	4550	en
heavily	heavily	4540	en
hide	hide	4540	en
haha	haha	4530	en
hardly	hardly	4530	en
hat	hat	4530	en
height	height	4530	en
hidden	hidden	4530	en
hong	hong	4530	en
hollywood	hollywood	4520	en
hanging	hanging	4500	en
highway	highway	4490	en
historic	historic	4490	en
hunt	hunt	4490	en
heading	heading	4480	en
howard	howard	4480	en
harm	harm	4470	en
healthcare	healthcare	4470	en
household	household	4470	en
hills	hills	4460	en
hip	hip	4460	en
hitting	hitting	4460	en
horses	horses	4450	en
hungry	hungry	4450	en
happiness	happiness	4440	en
harris	harris	4440	en
hearts	hearts	4440	en
horrible	horrible	4440	en
helpful	helpful	4430	en
horror	horror	4430	en
handed	handed	4420	en
hockey	hockey	4420	en
houston	houston	4420	en
https	https	4420	en
hunting	hunting	4420	en
hired	hired	4410	en
hire	hire	4400	en
hop	hop	4400	en
hopes	hopes	4400	en
handling	handling	4390	en
hence	hence	4380	en
honey	honey	4370	en
honour	honour	4370	en
hook	hook	4370	en
hunter	hunter	4370	en
headquarters	headquarters	4360	en
heritage	heritage	4360	en
heroes	heroes	4350	en
holes	holes	4350	en
hospitals	hospitals	4330	en
hiding	hiding	4320	en
humanity	humanity	4320	en
hamilton	hamilton	4310	en
hardware	hardware	4300	en
hillary	hillary	4300	en
hurts	hurts	4300	en
highlights	highlights	4280	en
hoped	hoped	4280	en
hilarious	hilarious	4270	en
huh	huh	4270	en
homeless	homeless	4260	en
handled	handled	4250	en
hosted	hosted	4250	en
habit	habit	4240	en
harvard	harvard	4240	en
healing	healing	4230	en
hiring	hiring	4230	en
hosts	hosts	4230	en
handsome	handsome	4220	en
ho	ho	4220	en
holidays	holidays	4220	en
hotels	hotels	4220	en
habits	habits	4210	en
hawaii	hawaii	4210	en
highlight	highlight	4210	en
holder	holder	4210	en
hood	hood	4210	en
hung	hung	4210	en
hated	hated	4200	en
helen	helen	4190	en
humor	humor	4190	en
heating	heating	4180	en
hiv	hiv	4170	en
halloween	halloween	4160	en
hammer	hammer	4160	en
hitler	hitler	4160	en
hosting	hosting	4160	en
harbor	harbor	4150	en
harvey	harvey	4150	en
hates	hates	4150	en
harsh	harsh	4140	en
heights	heights	4140	en
horn	horn	4140	en
hurry	hurry	4140	en
haven	haven	4130	en
helicopter	helicopter	4130	en
homework	homework	4130	en
households	households	4130	en
ham	ham	4120	en
heal	heal	4120	en
handful	handful	4110	en
happily	happily	4110	en
harmony	harmony	4110	en
humble	humble	4110	en
hurting	hurting	4110	en
hybrid	hybrid	4110	en
hardest	hardest	4100	en
holland	holland	4100	en
honored	honored	4100	en
hunger	hunger	4100	en
hurricane	hurricane	4100	en
heated	heated	4090	en
hug	hug	4090	en
harrison	harrison	4080	en
historically	historically	4080	en
hub	hub	4080	en
hughes	hughes	4080	en
hint	hint	4070	en
horizon	horizon	4070	en
hostile	hostile	4070	en
halfway	halfway	4060	en
happier	happier	4060	en
heels	heels	4060	en
holmes	holmes	4060	en
hull	hull	4060	en
hack	hack	4050	en
hannah	hannah	4050	en
hatred	hatred	4050	en
harper	harper	4040	en
hart	hart	4040	en
harold	harold	4030	en
harvest	harvest	4030	en
headline	headline	4030	en
hudson	hudson	4030	en
hype	hype	4030	en
heck	heck	4020	en
helmet	helmet	4020	en
holders	holders	4020	en
hampshire	hampshire	4010	en
harassment	harassment	4010	en
hats	hats	4010	en
hugh	hugh	4010	en
hindu	hindu	4000	en
holdings	holdings	4000	en
honesty	honesty	3990	en
habitat	habitat	3980	en
harbour	harbour	3980	en
hazard	hazard	3980	en
hydrogen	hydrogen	3980	en
handy	handy	3970	en
hardcore	hardcore	3970	en
harmful	harmful	3970	en
headache	headache	3970	en
hers	hers	3970	en
hispanic	hispanic	3970	en
hes	hes	3960	en
herald	herald	3950	en
hike	hike	3950	en
hollow	hollow	3950	en
homeland	homeland	3950	en
hobby	hobby	3940	en
hunters	hunters	3940	en
halt	halt	3930	en
in	in	7270	en
is	is	7070	en
it	it	6950	en
if	if	6470	en
its	its	6140	en
into	into	6110	en
including	including	5520	en
important	important	5440	en
information	information	5430	en
idea	idea	5360	en
international	international	5360	en
instead	instead	5240	en
issue	issue	5230	en
include	include	5210	en
industry	industry	5190	en
inside	inside	5190	en
issues	issues	5190	en
interest	interest	5170	en
involved	involved	5100	en
itself	itself	5100	en
increase	increase	5080	en
internet	internet	5060	en
india	india	5040	en
included	included	5030	en
ii	ii	5020	en
island	island	5010	en
ice	ice	5000	en
individual	individual	5000	en
interesting	interesting	5000	en
immediately	immediately	4980	en
income	income	4970	en
includes	includes	4960	en
interested	interested	4950	en
image	image	4940	en
insurance	insurance	4940	en
independent	independent	4930	en
imagine	imagine	4920	en
impact	impact	4920	en
increased	increased	4910	en
indian	indian	4910	en
interview	interview	4860	en
ideas	ideas	4840	en
investment	investment	4840	en
individuals	individuals	4810	en
institute	institute	4800	en
improve	improve	4790	en
indeed	indeed	4790	en
impossible	impossible	4780	en
influence	influence	4780	en
items	items	4780	en
inc	inc	4770	en
israel	israel	4770	en
images	images	4750	en
investigation	investigation	4750	en
injury	injury	4740	en
iron	iron	4740	en
issued	issued	4730	en
ill	ill	4720	en
initial	initial	4720	en
introduced	introduced	4720	en
industrial	industrial	4710	en
intelligence	intelligence	4700	en
intended	intended	4700	en
im	im	4690	en
illegal	illegal	4680	en
increasing	increasing	4680	en
interests	interests	4660	en
internal	internal	4660	en
ireland	ireland	4660	en
italian	italian	4660	en
italy	italy	4660	en
identity	identity	4650	en
identified	identified	4630	en
iii	iii	4630	en
incredible	incredible	4630	en
inspired	inspired	4630	en
iran	iran	4620	en
id	id	4610	en
improved	improved	4610	en
info	info	4600	en
instance	instance	4590	en
independence	independence	4580	en
institutions	institutions	4580	en
index	index	4570	en
item	item	4570	en
identify	identify	4560	en
importance	importance	4560	en
interior	interior	4550	en
incident	incident	4540	en
irish	irish	4540	en
invited	invited	4530	en
immediate	immediate	4520	en
introduction	introduction	4520	en
injured	injured	4510	en
inner	inner	4500	en
islands	islands	4500	en
improvement	improvement	4490	en
inch	inch	4490	en
initially	initially	4490	en
ignore	ignore	4480	en
involving	involving	4480	en
immigration	immigration	4470	en
impressive	impressive	4470	en
increases	increases	4460	en
infrastructure	infrastructure	4460	en
informed	informed	4450	en
innocent	innocent	4450	en
ideal	ideal	4440	en
illinois	illinois	4440	en
injuries	injuries	4440	en
islamic	islamic	4440	en
iphone	iphone	4430	en
iraq	iraq	4430	en
industries	industries	4420	en
islam	islam	4420	en
illness	illness	4410	en
inspiration	inspiration	4410	en
institution	institution	4410	en
insane	insane	4400	en
installed	installed	4400	en
israeli	israeli	4400	en
idiot	idiot	4390	en
intense	intense	4390	en
increasingly	increasingly	4380	en
incredibly	incredibly	4380	en
iv	iv	4380	en
immigrants	immigrants	4370	en
improving	improving	4370	en
instructions	instructions	4370	en
introduce	introduce	4370	en
initiative	initiative	4360	en
interviews	interviews	4360	en
impression	impression	4350	en
inches	inches	4350	en
indicate	indicate	4350	en
input	input	4350	en
impressed	impressed	4340	en
indicated	indicated	4340	en
instant	instant	4340	en
investors	investors	4340	en
involves	involves	4340	en
infection	infection	4330	en
instagram	instagram	4330	en
intention	intention	4330	en
iowa	iowa	4330	en
ian	ian	4320	en
il	il	4320	en
innovation	innovation	4320	en
instruments	instruments	4320	en
invest	invest	4320	en
implementation	implementation	4310	en
indiana	indiana	4310	en
investigate	investigate	4310	en
intellectual	intellectual	4300	en
invite	invite	4300	en
involvement	involvement	4300	en
integrated	integrated	4290	en
intelligent	intelligent	4290	en
interaction	interaction	4290	en
intent	intent	4280	en
involve	involve	4280	en
ignored	ignored	4270	en
improvements	improvements	4270	en
investments	investments	4270	en
isis	isis	4270	en
instrument	instrument	4260	en
intervention	intervention	4260	en
indians	indians	4250	en
indonesia	indonesia	4250	en
inquiry	inquiry	4250	en
inspector	inspector	4250	en
indicates	indicates	4240	en
isolated	isolated	4240	en
implemented	implemented	4230	en
instantly	instantly	4230	en
invasion	invasion	4230	en
imagination	imagination	4220	en
integration	integration	4220	en
integrity	integrity	4220	en
interpretation	interpretation	4220	en
identical	identical	4210	en
imperial	imperial	4210	en
investigations	investigations	4210	en
implement	implement	4200	en
incorporated	incorporated	4200	en
influenced	influenced	4200	en
insight	insight	4190	en
invested	invested	4190	en
identification	identification	4180	en
idk	idk	4170	en
illustrated	illustrated	4170	en
invented	invented	4170	en
icon	icon	4160	en
imposed	imposed	4160	en
indigenous	indigenous	4160	en
infinite	infinite	4160	en
installation	installation	4160	en
inter	inter	4160	en
interactions	interactions	4160	en
introducing	introducing	4160	en
iranian	iranian	4160	en
incidents	incidents	4150	en
inform	inform	4150	en
ion	ion	4150	en
immune	immune	4140	en
inflation	inflation	4140	en
ingredients	ingredients	4140	en
inspection	inspection	4140	en
install	install	4140	en
instruction	instruction	4140	en
intensity	intensity	4140	en
inventory	inventory	4140	en
investigated	investigated	4140	en
invitation	invitation	4140	en
iconic	iconic	4130	en
infected	infected	4130	en
interface	interface	4120	en
ios	ios	4120	en
intentions	intentions	4110	en
investing	investing	4110	en
implications	implications	4100	en
import	import	4100	en
innovative	innovative	4100	en
ipad	ipad	4100	en
importantly	importantly	4090	en
indicating	indicating	4090	en
indoor	indoor	4090	en
influential	influential	4090	en
intend	intend	4090	en
invisible	invisible	4090	en
inevitable	inevitable	4080	en
investigating	investigating	4080	en
imagined	imagined	4070	en
inhabitants	inhabitants	4070	en
ink	ink	4070	en
inn	inn	4070	en
intel	intel	4070	en
independently	independently	4060	en
indication	indication	4060	en
insisted	insisted	4060	en
instances	instances	4060	en
intensive	intensive	4060	en
interactive	interactive	4060	en
intimate	intimate	4060	en
ignorant	ignorant	4050	en
influences	influences	4050	en
interact	interact	4050	en
ignorance	ignorance	4040	en
ignoring	ignoring	4040	en
immigrant	immigrant	4040	en
induced	induced	4040	en
inspiring	inspiring	4040	en
intermediate	intermediate	4040	en
invention	invention	4040	en
ip	ip	4040	en
identifying	identifying	4030	en
just	just	6430	en
job	job	5500	en
john	john	5380	en
june	june	5210	en
july	july	5170	en
james	james	5110	en
january	january	5090	en
join	join	5000	en
jesus	jesus	4990	en
jobs	jobs	4980	en
justice	justice	4970	en
judge	judge	4950	en
japan	japan	4890	en
jack	jack	4820	en
japanese	japanese	4810	en
joe	joe	4780	en
journal	journal	4770	en
joined	joined	4730	en
jones	jones	4730	en
johnson	johnson	4720	en
joint	joint	4710	en
jump	jump	4690	en
joke	joke	4680	en
jersey	jersey	4660	en
journey	journey	4650	en
jail	jail	4620	en
jim	jim	4620	en
jewish	jewish	4610	en
jackson	jackson	4580	en
joy	joy	4550	en
joseph	joseph	4520	en
jan	jan	4510	en
jordan	jordan	4510	en
junior	junior	4490	en
jury	jury	4490	en
jews	jews	4470	en
joining	joining	4470	en
jason	jason	4460	en
jeff	jeff	4450	en
jimmy	jimmy	4440	en
jane	jane	4420	en
judges	judges	4420	en
jay	jay	4380	en
journalist	journalist	4380	en
jean	jean	4360	en
juice	juice	4360	en
johnny	johnny	4350	en
josh	josh	4350	en
jokes	jokes	4330	en
jacket	jacket	4320	en
justin	justin	4320	en
jazz	jazz	4310	en
jon	jon	4310	en
jonathan	jonathan	4310	en
jet	jet	4290	en
journalists	journalists	4290	en
judgment	judgment	4280	en
jerry	jerry	4260	en
jumped	jumped	4250	en
jealous	jealous	4240	en
jacob	jacob	4230	en
jumping	jumping	4230	en
jose	jose	4210	en
jerusalem	jerusalem	4200	en
jennifer	jennifer	4190	en
jake	jake	4170	en
jam	jam	4170	en
jamie	jamie	4170	en
jessica	jessica	4170	en
jeremy	jeremy	4150	en
judicial	judicial	4140	en
justify	justify	4140	en
jewelry	jewelry	4120	en
journalism	journalism	4120	en
juan	juan	4120	en
julia	julia	4120	en
jungle	jungle	4120	en
jurisdiction	jurisdiction	4100	en
jeans	jeans	4090	en
jets	jets	4090	en
julie	julie	4090	en
judging	judging	4050	en
jesse	jesse	4040	en
joins	joins	4040	en
joking	joking	4040	en
jo	jo	4030	en
junk	junk	4030	en
justified	justified	4020	en
joan	joan	4010	en
java	java	4000	en
jefferson	jefferson	4000	en
jerk	jerk	4000	en
julian	julian	3990	en
jaw	jaw	3980	en
jin	jin	3980	en
jackie	jackie	3970	en
joel	joel	3970	en
janet	janet	3960	en
judged	judged	3960	en
jun	jun	3940	en
junction	junction	3940	en
jar	jar	3930	en
jamaica	jamaica	3920	en
joey	joey	3920	en
joshua	joshua	3920	en
journals	journals	3920	en
jeffrey	jeffrey	3900	en
jenny	jenny	3890	en
ji	ji	3890	en
juvenile	juvenile	3880	en
jew	jew	3870	en
joyce	joyce	3860	en
judgement	judgement	3860	en
judiciary	judiciary	3860	en
jumps	jumps	3860	en
jenkins	jenkins	3840	en
johns	johns	3840	en
justification	justification	3830	en
joints	joints	3820	en
jackets	jackets	3810	en
jill	jill	3810	en
jared	jared	3790	en
johnston	johnston	3790	en
judy	judy	3790	en
jade	jade	3780	en
jointly	jointly	3780	en
jung	jung	3780	en
jelly	jelly	3770	en
jacobs	jacobs	3740	en
jealousy	jealousy	3740	en
jewellery	jewellery	3740	en
joker	joker	3740	en
jonas	jonas	3740	en
jeep	jeep	3720	en
ja	ja	3710	en
jacques	jacques	3710	en
jong	jong	3710	en
juicy	juicy	3700	en
jumper	jumper	3700	en
justices	justices	3700	en
jewel	jewel	3680	en
jupiter	jupiter	3680	en
jakarta	jakarta	3670	en
johannesburg	johannesburg	3670	en
judith	judith	3670	en
jerome	jerome	3660	en
jess	jess	3660	en
julius	julius	3660	en
jerseys	jerseys	3650	en
jessie	jessie	3650	en
jules	jules	3650	en
jul	jul	3640	en
je	je	3630	en
jedi	jedi	3620	en
jennings	jennings	3620	en
journeys	journeys	3620	en
jacksonville	jacksonville	3610	en
jasmine	jasmine	3610	en
jurisdictions	jurisdictions	3600	en
jailed	jailed	3590	en
jasper	jasper	3590	en
jewels	jewels	3590	en
juliet	juliet	3590	en
jen	jen	3580	en
judaism	judaism	3580	en
jamaican	jamaican	3570	en
jockey	jockey	3570	en
jolly	jolly	3570	en
jorge	jorge	3570	en
ju	ju	3570	en
jaws	jaws	3560	en
jensen	jensen	3550	en
jaime	jaime	3540	en
jenna	jenna	3540	en
jonah	jonah	3530	en
janeiro	janeiro	3520	en
jeopardy	jeopardy	3520	en
joanna	joanna	3520	en
jaguar	jaguar	3510	en
jamal	jamal	3510	en
judgments	judgments	3510	en
jackpot	jackpot	3500	en
javascript	javascript	3500	en
jurassic	jurassic	3500	en
jihad	jihad	3490	en
juventus	juventus	3490	en
jays	jays	3480	en
jeremiah	jeremiah	3480	en
jude	jude	3480	en
javier	javier	3470	en
joanne	joanne	3470	en
jeez	jeez	3460	en
jurors	jurors	3460	en
jars	jars	3450	en
jams	jams	3440	en
jubilee	jubilee	3440	en
juniors	juniors	3430	en
jae	jae	3420	en
juices	juices	3420	en
julio	julio	3420	en
jacks	jacks	3410	en
jeanne	jeanne	3410	en
joyful	joyful	3400	en
judah	judah	3400	en
joys	joys	3390	en
jang	jang	3380	en
jogging	jogging	3380	en
jumbo	jumbo	3380	en
jai	jai	3370	en
jarvis	jarvis	3370	en
jenner	jenner	3370	en
johann	johann	3370	en
jolie	jolie	3370	en
judas	judas	3370	en
judd	judd	3370	en
jacqueline	jacqueline	3360	en
joaquin	joaquin	3360	en
jab	jab	3350	en
janice	janice	3350	en
jammed	jammed	3340	en
jojo	jojo	3340	en
junta	junta	3340	en
jackass	jackass	3330	en
jericho	jericho	3330	en
jonny	jonny	3330	en
josephine	josephine	3330	en
joyous	joyous	3330	en
jock	jock	3320	en
jumpers	jumpers	3320	en
jamming	jamming	3310	en
jax	jax	3310	en
jog	jog	3300	en
jug	jug	3300	en
jaguars	jaguars	3290	en
jeb	jeb	3290	en
journalistic	journalistic	3290	en
julien	julien	3290	en
justifying	justifying	3290	en
jacked	jacked	3280	en
jerks	jerks	3280	en
joked	joked	3280	en
johan	johan	3270	en
junkie	junkie	3270	en
jellyfish	jellyfish	3250	en
jimi	jimi	3250	en
judo	judo	3250	en
jargon	jargon	3240	en
joon	joon	3240	en
juggling	juggling	3230	en
justifies	justifies	3230	en
jesuit	jesuit	3220	en
justine	justine	3220	en
jennie	jennie	3210	en
jerking	jerking	3210	en
jingle	jingle	3210	en
johansson	johansson	3210	en
know	know	6100	en
keep	keep	5660	en
kind	kind	5450	en
known	known	5390	en
kids	kids	5280	en
killed	killed	5220	en
knew	knew	5200	en
king	king	5170	en
key	key	5120	en
kill	kill	5090	en
knows	knows	5070	en
kept	kept	5000	en
kid	kid	4990	en
knowledge	knowledge	4960	en
killing	killing	4880	en
keeping	keeping	4840	en
knowing	knowing	4760	en
kick	kick	4720	en
keeps	keeps	4670	en
kitchen	kitchen	4650	en
korea	korea	4650	en
kingdom	kingdom	4620	en
kim	kim	4590	en
kinda	kinda	4590	en
kiss	kiss	4580	en
kevin	kevin	4560	en
kinds	kinds	4510	en
kong	kong	4490	en
korean	korean	4490	en
killer	killer	4470	en
kelly	kelly	4440	en
kit	kit	4420	en
kings	kings	4410	en
knife	knife	4410	en
keys	keys	4390	en
kicked	kicked	4380	en
kansas	kansas	4370	en
km	km	4370	en
knock	knock	4350	en
kate	kate	4340	en
kills	kills	4340	en
knee	knee	4330	en
kentucky	kentucky	4300	en
kennedy	kennedy	4280	en
knight	knight	4280	en
khan	khan	4250	en
knocked	knocked	4240	en
ken	ken	4210	en
kidding	kidding	4200	en
knees	knees	4180	en
keith	keith	4170	en
kent	kent	4170	en
kicking	kicking	4160	en
kyle	kyle	4140	en
keen	keen	4130	en
kenya	kenya	4130	en
keyboard	keyboard	4110	en
karen	karen	4090	en
kg	kg	4080	en
kicks	kicks	4070	en
knights	knights	4050	en
kenny	kenny	4030	en
kidney	kidney	4030	en
keeper	keeper	4020	en
karl	karl	4000	en
kindly	kindly	4000	en
kindness	kindness	4000	en
kitty	kitty	3980	en
kissing	kissing	3970	en
katie	katie	3960	en
kidnapped	kidnapped	3960	en
kane	kane	3950	en
kissed	kissed	3950	en
kay	kay	3930	en
killers	killers	3910	en
kenneth	kenneth	3900	en
karma	karma	3880	en
ki	ki	3880	en
knocking	knocking	3880	en
kurt	kurt	3880	en
kerry	kerry	3850	en
kirk	kirk	3850	en
knives	knives	3840	en
ka	ka	3830	en
katherine	katherine	3830	en
kilometers	kilometers	3820	en
kindle	kindle	3810	en
kindergarten	kindergarten	3790	en
kits	kits	3780	en
kai	kai	3770	en
kanye	kanye	3770	en
kidnapping	kidnapping	3770	en
kilometres	kilometres	3770	en
ky	ky	3770	en
kashmir	kashmir	3750	en
knox	knox	3750	en
kingston	kingston	3740	en
kisses	kisses	3740	en
ko	ko	3730	en
knot	knot	3720	en
klein	klein	3710	en
kardashian	kardashian	3700	en
killings	killings	3690	en
kathy	kathy	3670	en
knit	knit	3660	en
kumar	kumar	3660	en
kuwait	kuwait	3660	en
katy	katy	3650	en
kin	kin	3650	en
kirby	kirby	3650	en
kobe	kobe	3650	en
kris	kris	3650	en
kat	kat	3640	en
kerr	kerr	3640	en
kitten	kitten	3640	en
knicks	knicks	3640	en
koch	koch	3640	en
knots	knots	3630	en
katrina	katrina	3610	en
knockout	knockout	3610	en
kathleen	kathleen	3600	en
kendall	kendall	3600	en
knocks	knocks	3600	en
karachi	karachi	3590	en
kickstarter	kickstarter	3590	en
kurdish	kurdish	3590	en
keller	keller	3580	en
kernel	kernel	3580	en
kung	kung	3580	en
kazakhstan	kazakhstan	3570	en
kenyan	kenyan	3570	en
kang	kang	3550	en
kara	kara	3550	en
karate	karate	3550	en
kingdoms	kingdoms	3550	en
kite	kite	3550	en
kaiser	kaiser	3540	en
kettle	kettle	3540	en
kylie	kylie	3540	en
kerala	kerala	3530	en
knowledgeable	knowledgeable	3530	en
ku	ku	3530	en
kensington	kensington	3520	en
kangaroo	kangaroo	3500	en
ke	ke	3500	en
klaus	klaus	3500	en
knowingly	knowingly	3500	en
kuala	kuala	3500	en
kidneys	kidneys	3490	en
knob	knob	3490	en
kristen	kristen	3490	en
kathryn	kathryn	3480	en
keynote	keynote	3480	en
kidnap	kidnap	3480	en
kiev	kiev	3480	en
koreans	koreans	3480	en
krishna	krishna	3480	en
kb	kb	3470	en
kittens	kittens	3470	en
kappa	kappa	3460	en
keepers	keepers	3460	en
kendrick	kendrick	3460	en
ketchup	ketchup	3460	en
keystone	keystone	3450	en
knitting	knitting	3450	en
kramer	kramer	3450	en
kudos	kudos	3450	en
kia	kia	3440	en
kinetic	kinetic	3440	en
karaoke	karaoke	3430	en
kemp	kemp	3430	en
kosovo	kosovo	3430	en
keywords	keywords	3420	en
kicker	kicker	3410	en
kyoto	kyoto	3410	en
kabul	kabul	3400	en
kelley	kelley	3400	en
kickoff	kickoff	3400	en
kimberly	kimberly	3400	en
kitchens	kitchens	3390	en
kremlin	kremlin	3390	en
kale	kale	3380	en
katz	katz	3380	en
keyboards	keyboards	3380	en
kraft	kraft	3380	en
kan	kan	3370	en
kaplan	kaplan	3370	en
kinky	kinky	3370	en
kurds	kurds	3360	en
kiwi	kiwi	3330	en
kidd	kidd	3320	en
kneeling	kneeling	3320	en
knuckles	knuckles	3320	en
kyrie	kyrie	3310	en
kinder	kinder	3300	en
knoxville	knoxville	3300	en
kapoor	kapoor	3290	en
kart	kart	3290	en
kelvin	kelvin	3290	en
keyword	keyword	3290	en
kolkata	kolkata	3290	en
kaufman	kaufman	3280	en
kelsey	kelsey	3270	en
khalid	khalid	3270	en
kristin	kristin	3270	en
kun	kun	3270	en
kahn	kahn	3260	en
keynes	keynes	3260	en
khalifa	khalifa	3260	en
kinase	kinase	3260	en
kirsten	kirsten	3260	en
knack	knack	3260	en
kodak	kodak	3260	en
kool	kool	3260	en
kosher	kosher	3260	en
karnataka	karnataka	3250	en
keane	keane	3250	en
keating	keating	3250	en
kev	kev	3250	en
kilos	kilos	3250	en
kurdistan	kurdistan	3250	en
kayak	kayak	3240	en
khaled	khaled	3240	en
kilograms	kilograms	3240	en
kneel	kneel	3240	en
knowles	knowles	3240	en
koran	koran	3230	en
kiddo	kiddo	3220	en
kimmel	kimmel	3220	en
knuckle	knuckle	3220	en
kali	kali	3210	en
kilometre	kilometre	3210	en
kink	kink	3210	en
kira	kira	3210	en
keel	keel	3190	en
kilometer	kilometer	3190	en
kingsley	kingsley	3190	en
kruger	kruger	3190	en
karim	karim	3180	en
kimi	kimi	3180	en
kinks	kinks	3180	en
klan	klan	3180	en
kristina	kristina	3180	en
kershaw	kershaw	3170	en
koh	koh	3170	en
kano	kano	3160	en
kennel	kennel	3160	en
kern	kern	3160	en
khmer	khmer	3160	en
knitted	knitted	3160	en
keaton	keaton	3150	en
kessler	kessler	3150	en
kindred	kindred	3150	en
kei	kei	3140	en
kellogg	kellogg	3140	en
kepler	kepler	3140	en
like	like	6410	en
life	life	5890	en
last	last	5860	en
love	love	5820	en
long	long	5810	en
look	look	5810	en
little	little	5750	en
left	left	5620	en
lot	lot	5610	en
let	let	5600	en
looking	looking	5570	en
live	live	5540	en
later	later	5490	en
less	less	5490	en
line	line	5490	en
law	law	5460	en
least	least	5440	en
local	local	5430	en
level	level	5410	en
large	large	5390	en
lost	lost	5390	en
looks	looks	5360	en
late	late	5340	en
leave	leave	5340	en
light	light	5330	en
low	low	5330	en
living	living	5300	en
list	list	5280	en
london	london	5270	en
land	land	5220	en
lead	lead	5200	en
likely	likely	5200	en
learn	learn	5170	en
longer	longer	5160	en
lives	lives	5140	en
league	league	5130	en
led	led	5110	en
looked	looked	5110	en
lower	lower	5110	en
language	language	5100	en
lord	lord	5100	en
legal	legal	5080	en
lose	lose	5080	en
loss	loss	5070	en
listen	listen	5060	en
la	la	5050	en
lol	lol	5050	en
limited	limited	5020	en
leading	leading	5000	en
loved	loved	5000	en
link	link	4990	en
leaving	leaving	4980	en
levels	levels	4970	en
lady	lady	4950	en
leader	leader	4950	en
letter	letter	4950	en
lines	lines	4950	en
lack	lack	4920	en
latest	latest	4920	en
learning	learning	4920	en
literally	literally	4910	en
luck	luck	4910	en
largest	largest	4900	en
laws	laws	4890	en
lived	lived	4880	en
lots	lots	4880	en
library	library	4860	en
located	located	4860	en
location	location	4860	en
learned	learned	4850	en
losing	losing	4850	en
lie	lie	4840	en
lake	lake	4830	en
larger	larger	4820	en
louis	louis	4820	en
leaders	leaders	4810	en
leaves	leaves	4790	en
los	los	4780	en
labor	labor	4770	en
leadership	leadership	4770	en
length	length	4770	en
lucky	lucky	4770	en
liked	liked	4760	en
lovely	lovely	4740	en
lee	lee	4730	en
lies	lies	4730	en
likes	likes	4730	en
links	links	4720	en
labour	labour	4700	en
limit	limit	4700	en
launch	launch	4690	en
listed	listed	4690	en
loan	loan	4680	en
lawyer	lawyer	4670	en
legs	legs	4670	en
lying	lying	4670	en
laugh	laugh	4660	en
leg	leg	4660	en
letters	letters	4660	en
liberal	liberal	4660	en
listening	listening	4660	en
loves	loves	4660	en
lunch	lunch	4660	en
leads	leads	4650	en
ladies	ladies	4640	en
lay	lay	4640	en
lights	lights	4640	en
launched	launched	4630	en
literature	literature	4620	en
largely	largely	4610	en
laughing	laughing	4610	en
load	load	4580	en
lane	lane	4570	en
laid	laid	4560	en
latter	latter	4560	en
legislation	legislation	4550	en
linked	linked	4540	en
letting	letting	4530	en
loud	loud	4530	en
license	license	4520	en
lets	lets	4510	en
loans	loans	4510	en
lock	lock	4510	en
le	le	4500	en
lift	lift	4500	en
latin	latin	4480	en
lewis	lewis	4480	en
lesson	lesson	4470	en
limits	limits	4470	en
loving	loving	4470	en
locations	locations	4460	en
loose	loose	4460	en
losses	losses	4450	en
luke	luke	4450	en
legend	legend	4440	en
lieutenant	lieutenant	4440	en
label	label	4430	en
liverpool	liverpool	4430	en
locked	locked	4430	en
lab	lab	4420	en
languages	languages	4420	en
lately	lately	4410	en
lowest	lowest	4410	en
landing	landing	4400	en
layer	layer	4400	en
lawyers	lawyers	4390	en
lifetime	lifetime	4390	en
liquid	liquid	4390	en
lessons	lessons	4380	en
lists	lists	4380	en
lands	lands	4370	en
legacy	legacy	4370	en
log	log	4370	en
landscape	landscape	4360	en
logic	logic	4360	en
leather	leather	4350	en
lips	lips	4350	en
luxury	luxury	4350	en
lyrics	lyrics	4350	en
liberty	liberty	4340	en
legislative	legislative	4320	en
listing	listing	4320	en
laboratory	laboratory	4310	en
lawrence	lawrence	4310	en
lincoln	lincoln	4310	en
literary	literary	4310	en
lifestyle	lifestyle	4290	en
lighting	lighting	4290	en
lisa	lisa	4290	en
loop	loop	4290	en
larry	larry	4280	en
las	las	4280	en
lmao	lmao	4280	en
logo	logo	4280	en
lover	lover	4260	en
li	li	4250	en
lion	lion	4250	en
loaded	loaded	4250	en
lonely	lonely	4250	en
landed	landed	4240	en
laughed	laughed	4240	en
laura	laura	4240	en
lazy	lazy	4240	en
laptop	laptop	4230	en
legendary	legendary	4230	en
leo	leo	4230	en
leaf	leaf	4220	en
legitimate	legitimate	4220	en
lightning	lightning	4220	en
loads	loads	4220	en
longest	longest	4220	en
legally	legally	4210	en
lied	lied	4210	en
listened	listened	4210	en
laser	laser	4200	en
loyal	loyal	4200	en
lit	lit	4190	en
louisiana	louisiana	4190	en
lap	lap	4180	en
lions	lions	4180	en
liver	liver	4180	en
layers	layers	4170	en
lease	lease	4170	en
lens	lens	4170	en
licensed	licensed	4170	en
loyalty	loyalty	4170	en
laying	laying	4160	en
legislature	legislature	4160	en
liability	liability	4160	en
lesbian	lesbian	4150	en
lovers	lovers	4150	en
lakes	lakes	4140	en
lean	lean	4140	en
lecture	lecture	4140	en
libraries	libraries	4140	en
logical	logical	4140	en
lesser	lesser	4130	en
liberals	liberals	4130	en
lip	lip	4130	en
linear	linear	4120	en
lasting	lasting	4110	en
locally	locally	4110	en
loses	loses	4110	en
laughter	laughter	4100	en
lemon	lemon	4100	en
les	les	4100	en
lifted	lifted	4100	en
loading	loading	4100	en
lung	lung	4100	en
lasted	lasted	4090	en
lawsuit	lawsuit	4090	en
leak	leak	4090	en
lighter	lighter	4090	en
lucas	lucas	4090	en
labels	labels	4080	en
lacking	lacking	4080	en
laughs	laughs	4080	en
layout	layout	4080	en
lined	lined	4080	en
lodge	lodge	4080	en
lords	lords	4080	en
legends	legends	4070	en
lo	lo	4070	en
lucy	lucy	4070	en
laundry	laundry	4060	en
lifting	lifting	4060	en
linda	linda	4060	en
lamp	lamp	4050	en
limitations	limitations	4050	en
lgbt	lgbt	4040	en
likewise	likewise	4040	en
lineup	lineup	4040	en
logan	logan	4040	en
ladder	ladder	4030	en
lloyd	lloyd	4030	en
lobby	lobby	4030	en
my	my	6570	en
me	me	6480	en
more	more	6360	en
make	make	6080	en
most	most	6000	en
much	much	6000	en
may	may	5980	en
made	made	5920	en
many	many	5910	en
man	man	5820	en
must	must	5680	en
might	might	5660	en
money	money	5640	en
making	making	5540	en
mean	mean	5530	en
music	music	5520	en
men	men	5510	en
makes	makes	5460	en
maybe	maybe	5450	en
means	means	5440	en
mind	mind	5410	en
matter	matter	5380	en
members	members	5350	en
months	months	5350	en
move	move	5350	en
million	million	5330	en
morning	morning	5330	en
minutes	minutes	5310	en
myself	myself	5310	en
major	major	5300	en
media	media	5300	en
market	market	5290	en
meet	meet	5270	en
march	march	5260	en
month	month	5250	en
main	main	5240	en
moment	moment	5240	en
mother	mother	5240	en
miss	miss	5220	en
military	military	5200	en
member	member	5180	en
middle	middle	5180	en
medical	medical	5160	en
movie	movie	5160	en
meeting	meeting	5150	en
management	management	5130	en
match	match	5130	en
model	model	5130	en
mom	mom	5120	en
met	met	5090	en
michael	michael	5080	en
modern	modern	5070	en
mark	mark	5050	en
missing	missing	5050	en
mine	mine	5040	en
minister	minister	5040	en
married	married	5030	en
moving	moving	5020	en
moved	moved	5010	en
message	message	5000	en
miles	miles	5000	en
minute	minute	4980	en
manager	manager	4970	en
movement	movement	4970	en
material	material	4950	en
majority	majority	4940	en
meant	meant	4940	en
master	master	4930	en
multiple	multiple	4920	en
marriage	marriage	4910	en
machine	machine	4900	en
male	male	4890	en
mass	mass	4870	en
meaning	meaning	4870	en
mission	mission	4870	en
murder	murder	4860	en
mobile	mobile	4850	en
mental	mental	4830	en
mentioned	mentioned	4830	en
missed	missed	4830	en
mostly	mostly	4830	en
mouth	mouth	4830	en
metal	metal	4820	en
mid	mid	4820	en
memory	memory	4810	en
method	method	4800	en
mike	mike	4800	en
monday	monday	4800	en
movies	movies	4790	en
marketing	marketing	4780	en
mary	mary	4780	en
materials	materials	4780	en
magic	magic	4760	en
managed	managed	4760	en
map	map	4760	en
mexico	mexico	4750	en
mad	mad	4740	en
magazine	magazine	4740	en
martin	martin	4740	en
models	models	4740	en
medicine	medicine	4730	en
mention	mention	4730	en
mountain	mountain	4730	en
mail	mail	4720	en
massive	massive	4720	en
matters	matters	4720	en
mix	mix	4710	en
museum	museum	4710	en
moon	moon	4700	en
minimum	minimum	4690	en
methods	methods	4680	en
measures	measures	4670	en
mistake	mistake	4670	en
muslim	muslim	4670	en
max	max	4660	en
milk	milk	4660	en
maintain	maintain	4650	en
measure	measure	4650	en
mm	mm	4650	en
millions	millions	4640	en
mixed	mixed	4640	en
ma	ma	4630	en
meat	meat	4630	en
ministry	ministry	4630	en
mode	mode	4630	en
mayor	mayor	4620	en
minor	minor	4620	en
moments	moments	4620	en
markets	markets	4610	en
medium	medium	4610	en
mainly	mainly	4600	en
maximum	maximum	4600	en
matches	matches	4590	en
mile	mile	4590	en
motion	motion	4590	en
moves	moves	4590	en
mess	mess	4570	en
manufacturing	manufacturing	4560	en
mining	mining	4560	en
maintenance	maintenance	4550	en
manner	manner	4550	en
mate	mate	4550	en
matt	matt	4550	en
manage	manage	4540	en
messages	messages	4540	en
michigan	michigan	4540	en
multi	multi	4540	en
manchester	manchester	4530	en
marine	marine	4530	en
motor	motor	4530	en
musical	musical	4510	en
marked	marked	4500	en
memories	memories	4500	en
miller	miller	4500	en
monthly	monthly	4500	en
mountains	mountains	4500	en
marks	marks	4490	en
monster	monster	4490	en
meal	meal	4480	en
meanwhile	meanwhile	4480	en
meetings	meetings	4480	en
managers	managers	4470	en
membership	membership	4470	en
miami	miami	4470	en
mirror	mirror	4470	en
mount	mount	4470	en
machines	machines	4460	en
moral	moral	4460	en
mac	mac	4450	en
math	math	4450	en
minds	minds	4450	en
mistakes	mistakes	4450	en
mystery	mystery	4450	en
mini	mini	4440	en
mood	mood	4440	en
muscle	muscle	4440	en
muslims	muslims	4440	en
maps	maps	4420	en
min	min	4420	en
morgan	morgan	4420	en
moscow	moscow	4420	en
memorial	memorial	4410	en
mexican	mexican	4410	en
minority	minority	4410	en
mum	mum	4410	en
managing	managing	4400	en
marry	marry	4400	en
makeup	makeup	4390	en
medal	medal	4390	en
mortgage	mortgage	4390	en
maintained	maintained	4380	en
mill	mill	4380	en
mo	mo	4380	en
matthew	matthew	4370	en
merely	merely	4370	en
monitor	monitor	4370	en
meets	meets	4360	en
melbourne	melbourne	4360	en
microsoft	microsoft	4360	en
manufacturers	manufacturers	4350	en
masters	masters	4350	en
movements	movements	4350	en
maria	maria	4340	en
ministers	ministers	4340	en
monitoring	monitoring	4340	en
mechanical	mechanical	4330	en
manual	manual	4320	en
mothers	mothers	4320	en
murdered	murdered	4320	en
mask	mask	4310	en
massachusetts	massachusetts	4310	en
midnight	midnight	4310	en
minnesota	minnesota	4310	en
mouse	mouse	4310	en
madrid	madrid	4300	en
mi	mi	4300	en
mall	mall	4290	en
malaysia	malaysia	4280	en
mature	mature	4280	en
moore	moore	4280	en
margin	margin	4270	en
mars	mars	4270	en
maryland	maryland	4270	en
mechanism	mechanism	4270	en
moderate	moderate	4270	en
murray	murray	4270	en
mainstream	mainstream	4260	en
menu	menu	4260	en
missouri	missouri	4260	en
mounted	mounted	4260	en
mutual	mutual	4260	en
maintaining	maintaining	4250	en
measured	measured	4250	en
mercy	mercy	4250	en
mama	mama	4240	en
marshall	marshall	4240	en
mitchell	mitchell	4240	en
modified	modified	4240	en
municipal	municipal	4240	en
maker	maker	4230	en
margaret	margaret	4230	en
mario	mario	4230	en
magical	magical	4220	en
mills	mills	4220	en
motivation	motivation	4220	en
males	males	4210	en
manufacturer	manufacturer	4210	en
meters	meters	4210	en
marijuana	marijuana	4200	en
mentally	mentally	4200	en
missions	missions	4200	en
mar	mar	4190	en
marie	marie	4190	en
meals	meals	4190	en
mississippi	mississippi	4190	en
metro	metro	4180	en
not	not	6690	en
no	no	6350	en
new	new	6250	en
now	now	6180	en
need	need	5970	en
never	never	5910	en
next	next	5700	en
number	number	5620	en
name	name	5610	en
night	night	5610	en
nothing	nothing	5550	en
national	national	5510	en
news	news	5440	en
needs	needs	5370	en
nice	nice	5370	en
north	north	5340	en
near	near	5290	en
non	non	5290	en
needed	needed	5180	en
natural	natural	5110	en
november	november	5100	en
note	note	5040	en
network	network	5020	en
normal	normal	5010	en
nearly	nearly	5000	en
nature	nature	4980	en
numbers	numbers	4980	en
named	named	4950	en
nobody	nobody	4950	en
none	none	4930	en
names	names	4910	en
necessary	necessary	4910	en
notice	notice	4900	en
nation	nation	4880	en
nine	nine	4870	en
northern	northern	4850	en
notes	notes	4840	en
nations	nations	4800	en
negative	negative	4790	en
nor	nor	4780	en
neither	neither	4770	en
net	net	4760	en
nuclear	nuclear	4730	en
native	native	4690	en
noted	noted	4690	en
numerous	numerous	4650	en
neck	neck	4630	en
noticed	noticed	4630	en
novel	novel	4630	en
newspaper	newspaper	4600	en
nick	nick	4590	en
navy	navy	4570	en
normally	normally	4570	en
nearby	nearby	4550	en
noise	noise	4550	en
nose	nose	4510	en
neighborhood	neighborhood	4500	en
naturally	naturally	4480	en
necessarily	necessarily	4480	en
nights	nights	4470	en
networks	networks	4450	en
naked	naked	4430	en
ny	ny	4430	en
na	na	4420	en
nervous	nervous	4420	en
newly	newly	4420	en
nah	nah	4400	en
nowhere	nowhere	4400	en
nurse	nurse	4400	en
narrative	narrative	4390	en
narrow	narrow	4390	en
nov	nov	4370	en
nigeria	nigeria	4330	en
nursing	nursing	4320	en
nuts	nuts	4300	en
nazi	nazi	4280	en
netherlands	netherlands	4280	en
nope	nope	4260	en
nevertheless	nevertheless	4250	en
newspapers	newspapers	4250	en
naval	naval	4240	en
neighbors	neighbors	4240	en
nelson	nelson	4240	en
neutral	neutral	4240	en
noble	noble	4240	en
nasty	nasty	4220	en
nail	nail	4210	en
nasa	nasa	4210	en
negotiations	negotiations	4210	en
nonsense	nonsense	4210	en
nerve	nerve	4190	en
netflix	netflix	4190	en
nightmare	nightmare	4190	en
nominated	nominated	4180	en
notion	notion	4170	en
neil	neil	4160	en
norway	norway	4150	en
nancy	nancy	4140	en
norman	norman	4140	en
northwest	northwest	4140	en
nurses	nurses	4140	en
nathan	nathan	4130	en
nearest	nearest	4110	en
neighbor	neighbor	4110	en
noon	noon	4110	en
nowadays	nowadays	4110	en
novels	novels	4100	en
nutrition	nutrition	4100	en
nintendo	nintendo	4080	en
nationwide	nationwide	4070	en
nest	nest	4070	en
newcastle	newcastle	4070	en
nicely	nicely	4070	en
ninth	ninth	4070	en
nomination	nomination	4070	en
notable	notable	4070	en
nigerian	nigerian	4060	en
northeast	northeast	4060	en
ne	ne	4050	en
nyc	nyc	4050	en
nails	nails	4040	en
nevada	nevada	4040	en
newest	newest	4040	en
nonetheless	nonetheless	4040	en
nut	nut	4040	en
navigation	navigation	4030	en
nicholas	nicholas	4030	en
namely	namely	4020	en
needing	needing	4020	en
nerves	nerves	4020	en
nato	nato	4010	en
nephew	nephew	4010	en
notably	notably	4010	en
noting	noting	4000	en
nude	nude	4000	en
neat	neat	3990	en
negotiate	negotiate	3990	en
neo	neo	3990	en
nicole	nicole	3990	en
nashville	nashville	3980	en
nebraska	nebraska	3980	en
needle	needle	3980	en
nominee	nominee	3960	en
norwegian	norwegian	3950	en
nazis	nazis	3940	en
neighbourhood	neighbourhood	3940	en
networking	networking	3940	en
newer	newer	3940	en
newton	newton	3940	en
neighborhoods	neighborhoods	3930	en
ni	ni	3930	en
noah	noah	3930	en
norm	norm	3930	en
notification	notification	3920	en
nova	nova	3920	en
nationalist	nationalist	3910	en
nationals	nationals	3910	en
necessity	necessity	3910	en
nickname	nickname	3910	en
nixon	nixon	3910	en
notices	notices	3900	en
nursery	nursery	3890	en
naming	naming	3880	en
ncaa	ncaa	3880	en
nike	nike	3880	en
node	node	3880	en
neighboring	neighboring	3870	en
neighbours	neighbours	3870	en
ninja	ninja	3870	en
nonprofit	nonprofit	3860	en
nsa	nsa	3860	en
necklace	necklace	3850	en
niche	niche	3850	en
nina	nina	3850	en
nash	nash	3840	en
nationally	nationally	3840	en
nobel	nobel	3840	en
norfolk	norfolk	3840	en
nationalism	nationalism	3830	en
naughty	naughty	3830	en
nepal	nepal	3830	en
newman	newman	3830	en
notified	notified	3830	en
notorious	notorious	3830	en
nap	nap	3820	en
nickel	nickel	3820	en
niece	niece	3820	en
nominations	nominations	3820	en
numbered	numbered	3820	en
narrator	narrator	3810	en
nate	nate	3810	en
nets	nets	3810	en
natalie	natalie	3800	en
neglect	neglect	3790	en
northwestern	northwestern	3790	en
neglected	neglected	3780	en
negotiated	negotiated	3780	en
negotiating	negotiating	3780	en
negotiation	negotiation	3780	en
newborn	newborn	3780	en
newport	newport	3780	en
nodes	nodes	3780	en
notch	notch	3780	en
nailed	nailed	3770	en
napoleon	napoleon	3770	en
neighbouring	neighbouring	3770	en
nigel	nigel	3770	en
nascar	nascar	3760	en
neural	neural	3760	en
newsletter	newsletter	3760	en
nineteenth	nineteenth	3760	en
nitrogen	nitrogen	3760	en
norms	norms	3760	en
naive	naive	3750	en
nat	nat	3750	en
noises	noises	3750	en
norton	norton	3750	en
noticeable	noticeable	3750	en
newark	newark	3740	en
nod	nod	3740	en
notebook	notebook	3740	en
negro	negro	3730	en
nightmares	nightmares	3730	en
notify	notify	3730	en
null	null	3730	en
nationality	nationality	3720	en
natives	natives	3720	en
nottingham	nottingham	3720	en
ned	ned	3710	en
neurons	neurons	3710	en
ninety	ninety	3710	en
nutrients	nutrients	3710	en
nam	nam	3700	en
needles	needles	3700	en
noodles	noodles	3700	en
negatively	negatively	3690	en
neighbour	neighbour	3690	en
nissan	nissan	3690	en
norwich	norwich	3690	en
nothin	nothin	3690	en
navigate	navigate	3680	en
neutrality	neutrality	3670	en
nikki	nikki	3670	en
noisy	noisy	3670	en
notre	notre	3670	en
needless	needless	3660	en
nerd	nerd	3660	en
nokia	nokia	3660	en
nominees	nominees	3660	en
notifications	notifications	3660	en
novelty	novelty	3660	en
naomi	naomi	3650	en
narrowly	narrowly	3650	en
negligence	negligence	3650	en
nexus	nexus	3650	en
nicer	nicer	3650	en
of	of	7400	en
on	on	6910	en
or	or	6540	en
one	one	6470	en
out	out	6380	en
other	other	6160	en
our	our	6140	en
only	only	6120	en
over	over	6080	en
off	off	5930	en
old	old	5750	en
own	own	5740	en
once	once	5530	en
order	order	5490	en
open	open	5480	en
oh	oh	5430	en
others	others	5420	en
often	often	5410	en
office	office	5400	en
outside	outside	5250	en
online	online	5190	en
original	original	5160	en
official	official	5140	en
ok	ok	5140	en
october	october	5110	en
oil	oil	5100	en
ones	ones	5070	en
okay	okay	5060	en
offer	offer	5050	en
officer	officer	5030	en
opportunity	opportunity	4950	en
opening	opening	4940	en
opinion	opinion	4940	en
older	older	4920	en
operation	operation	4920	en
organization	organization	4920	en
overall	overall	4900	en
otherwise	otherwise	4880	en
officers	officers	4870	en
operations	operations	4870	en
obama	obama	4860	en
offered	offered	4860	en
opened	opened	4850	en
owner	owner	4830	en
obviously	obviously	4800	en
option	option	4800	en
onto	onto	4770	en
owned	owned	4760	en
operating	operating	4750	en
offers	offers	4740	en
ordered	ordered	4740	en
orders	orders	4730	en
options	options	4710	en
ocean	ocean	4700	en
originally	originally	4690	en
officials	officials	4680	en
organizations	organizations	4670	en
owners	owners	4650	en
obvious	obvious	4630	en
opposite	opposite	4620	en
orange	orange	4620	en
ourselves	ourselves	4620	en
ohio	ohio	4610	en
opportunities	opportunities	4610	en
offering	offering	4600	en
occurred	occurred	4570	en
opposition	opposition	4570	en
object	object	4560	en
origin	origin	4550	en
officially	officially	4530	en
objects	objects	4510	en
opposed	opposed	4510	en
organized	organized	4510	en
operate	operate	4500	en
outstanding	outstanding	4500	en
obtained	obtained	4490	en
olympic	olympic	4490	en
offices	offices	4480	en
occur	occur	4470	en
offensive	offensive	4460	en
olympics	olympics	4450	en
opens	opens	4430	en
output	output	4430	en
odd	odd	4420	en
op	op	4420	en
ordinary	ordinary	4420	en
opinions	opinions	4410	en
obtain	obtain	4400	en
organic	organic	4400	en
ownership	ownership	4400	en
observed	observed	4390	en
occasionally	occasionally	4390	en
occasion	occasion	4380	en
oxford	oxford	4380	en
objective	objective	4360	en
organisation	organisation	4360	en
oct	oct	4350	en
operated	operated	4350	en
ought	ought	4350	en
outcome	outcome	4350	en
occurs	occurs	4340	en
occupied	occupied	4320	en
ongoing	ongoing	4320	en
operator	operator	4320	en
oscar	oscar	4310	en
oregon	oregon	4300	en
overseas	overseas	4290	en
odds	odds	4280	en
oklahoma	oklahoma	4270	en
opera	opera	4270	en
overcome	overcome	4270	en
occasions	occasions	4260	en
offense	offense	4260	en
oral	oral	4260	en
outer	outer	4250	en
oxygen	oxygen	4250	en
oldest	oldest	4240	en
opponents	opponents	4230	en
outdoor	outdoor	4230	en
oliver	oliver	4220	en
outfit	outfit	4220	en
ontario	ontario	4210	en
operational	operational	4210	en
orleans	orleans	4210	en
owns	owns	4210	en
occupation	occupation	4200	en
opponent	opponent	4200	en
operators	operators	4190	en
overnight	overnight	4190	en
oak	oak	4180	en
organisations	organisations	4160	en
ours	ours	4160	en
organ	organ	4140	en
observation	observation	4130	en
operates	operates	4130	en
owe	owe	4130	en
occasional	occasional	4120	en
oriented	oriented	4120	en
openly	openly	4110	en
overview	overview	4110	en
ore	ore	4100	en
os	os	4100	en
outcomes	outcomes	4100	en
outta	outta	4100	en
olive	olive	4090	en
objectives	objectives	4080	en
obsessed	obsessed	4080	en
organised	organised	4080	en
overwhelming	overwhelming	4080	en
obligation	obligation	4070	en
optical	optical	4070	en
outlook	outlook	4070	en
observe	observe	4060	en
omg	omg	4050	en
orientation	orientation	4050	en
oven	oven	4050	en
owen	owen	4050	en
opposing	opposing	4040	en
origins	origins	4040	en
orlando	orlando	4040	en
orbit	orbit	4030	en
observations	observations	4020	en
ordering	ordering	4020	en
orchestra	orchestra	4010	en
oz	oz	4010	en
organs	organs	4000	en
outlet	outlet	4000	en
outlets	outlets	4000	en
obligations	obligations	3990	en
offset	offset	3990	en
outbreak	outbreak	3990	en
ol	ol	3980	en
olds	olds	3980	en
organize	organize	3980	en
ottawa	ottawa	3980	en
oval	oval	3980	en
occurring	occurring	3970	en
organizing	organizing	3970	en
oath	oath	3960	en
offence	offence	3960	en
oppose	oppose	3940	en
optimal	optimal	3940	en
overtime	overtime	3940	en
obtaining	obtaining	3930	en
occupy	occupy	3930	en
offended	offended	3930	en
orthodox	orthodox	3930	en
overhead	overhead	3930	en
oakland	oakland	3920	en
outline	outline	3920	en
observer	observer	3910	en
offshore	offshore	3910	en
optional	optional	3910	en
obsession	obsession	3900	en
opt	opt	3900	en
obamacare	obamacare	3890	en
onion	onion	3890	en
obstacles	obstacles	3880	en
opener	opener	3880	en
overwhelmed	overwhelmed	3880	en
optimistic	optimistic	3870	en
outlined	outlined	3870	en
owl	owl	3870	en
oils	oils	3860	en
operative	operative	3860	en
outs	outs	3860	en
owed	owed	3860	en
obscure	obscure	3850	en
ot	ot	3850	en
outrage	outrage	3840	en
owning	owning	3840	en
obey	obey	3830	en
olivia	olivia	3830	en
organizational	organizational	3830	en
outfits	outfits	3830	en
outright	outright	3830	en
overly	overly	3830	en
oversight	oversight	3830	en
offerings	offerings	3820	en
overlooked	overlooked	3820	en
obesity	obesity	3810	en
ops	ops	3800	en
organisms	organisms	3800	en
originated	originated	3800	en
ounce	ounce	3800	en
offenders	offenders	3790	en
oppression	oppression	3790	en
omega	omega	3780	en
onions	onions	3780	en
objection	objection	3770	en
obliged	obliged	3770	en
observers	observers	3770	en
occurrence	occurrence	3770	en
offspring	offspring	3770	en
ou	ou	3770	en
outrageous	outrageous	3770	en
oceans	oceans	3760	en
ooh	ooh	3760	en
observing	observing	3750	en
omar	omar	3750	en
opted	opted	3750	en
offline	offline	3740	en
offs	offs	3740	en
overweight	overweight	3740	en
ole	ole	3730	en
oops	oops	3730	en
oriental	oriental	3730	en
owing	owing	3730	en
obstacle	obstacle	3720	en
occupational	occupational	3720	en
og	og	3720	en
onset	onset	3720	en
owes	owes	3720	en
observatory	observatory	3710	en
oi	oi	3710	en
openings	openings	3710	en
people	people	6250	en
part	part	5780	en
place	place	5710	en
please	please	5660	en
put	put	5660	en
play	play	5610	en
public	public	5570	en
person	person	5550	en
point	point	5540	en
power	power	5520	en
party	party	5490	en
per	per	5450	en
president	president	5450	en
post	post	5430	en
pay	pay	5400	en
problem	problem	5400	en
pretty	pretty	5380	en
playing	playing	5370	en
probably	probably	5370	en
past	past	5360	en
possible	possible	5360	en
police	police	5330	en
phone	phone	5300	en
players	players	5300	en
plan	plan	5290	en
political	political	5290	en
program	program	5270	en
process	process	5260	en
played	played	5230	en
points	points	5230	en
price	price	5230	en
project	project	5220	en
parents	parents	5210	en
period	period	5210	en
position	position	5210	en
perfect	perfect	5200	en
personal	personal	5200	en
player	player	5190	en
private	private	5190	en
problems	problems	5190	en
present	present	5180	en
policy	policy	5170	en
park	park	5160	en
performance	performance	5160	en
press	press	5160	en
provide	provide	5150	en
production	production	5140	en
picture	picture	5130	en
page	page	5120	en
paid	paid	5120	en
property	property	5110	en
perhaps	perhaps	5090	en
poor	poor	5090	en
pick	pick	5080	en
paper	paper	5070	en
parts	parts	5070	en
popular	popular	5070	en
published	published	5070	en
practice	practice	5060	en
pass	pass	5050	en
professional	professional	5050	en
percent	percent	5040	en
piece	piece	5040	en
products	products	5040	en
pain	pain	5030	en
paul	paul	5030	en
places	places	5030	en
peace	peace	5020	en
provided	provided	5020	en
plans	plans	5010	en
population	population	5010	en
potential	potential	5010	en
pressure	pressure	5010	en
particular	particular	5000	en
previous	previous	5000	en
positive	positive	4990	en
photo	photo	4970	en
posted	posted	4970	en
particularly	particularly	4960	en
plus	plus	4950	en
pre	pre	4950	en
product	product	4950	en
physical	physical	4940	en
pro	pro	4940	en
passed	passed	4920	en
pictures	pictures	4920	en
protect	protect	4920	en
patients	patients	4910	en
planning	planning	4900	en
professor	professor	4900	en
programs	programs	4900	en
parties	parties	4890	en
plant	plant	4890	en
peter	peter	4880	en
prices	prices	4880	en
primary	primary	4880	en
purpose	purpose	4880	en
politics	politics	4870	en
pop	pop	4870	en
produced	produced	4870	en
putting	putting	4860	en
placed	placed	4850	en
powerful	powerful	4850	en
prior	prior	4850	en
protection	protection	4850	en
partner	partner	4840	en
plays	plays	4840	en
photos	photos	4830	en
previously	previously	4830	en
paris	paris	4820	en
profile	profile	4820	en
pull	pull	4820	en
push	push	4820	en
prime	prime	4810	en
projects	projects	4810	en
prison	prison	4800	en
provides	provides	4800	en
prevent	prevent	4790	en
produce	produce	4780	en
progress	progress	4780	en
proud	proud	4780	en
patient	patient	4770	en
possibly	possibly	4770	en
prove	prove	4770	en
paying	paying	4750	en
presented	presented	4750	en
parliament	parliament	4740	en
prepared	prepared	4740	en
port	port	4730	en
presence	presence	4730	en
pair	pair	4720	en
picked	picked	4720	en
pieces	pieces	4720	en
plane	plane	4720	en
plenty	plenty	4720	en
prince	prince	4720	en
proper	proper	4720	en
providing	providing	4720	en
path	path	4710	en
plants	plants	4710	en
policies	policies	4710	en
promise	promise	4710	en
proposed	proposed	4710	en
purchase	purchase	4710	en
powers	powers	4700	en
profit	profit	4700	en
proof	proof	4700	en
planned	planned	4690	en
performed	performed	4680	en
planet	planet	4680	en
platform	platform	4670	en
pool	pool	4670	en
pulled	pulled	4670	en
pack	pack	4660	en
payment	payment	4660	en
perform	perform	4660	en
posts	posts	4650	en
properties	properties	4650	en
phase	phase	4640	en
properly	properly	4640	en
pure	pure	4640	en
passing	passing	4630	en
positions	positions	4630	en
pages	pages	4620	en
papers	papers	4610	en
perfectly	perfectly	4610	en
painting	painting	4600	en
pacific	pacific	4590	en
prize	prize	4590	en
plot	plot	4580	en
possibility	possibility	4580	en
parent	parent	4570	en
permanent	permanent	4570	en
personally	personally	4570	en
pleasure	pleasure	4570	en
prefer	prefer	4570	en
programme	programme	4570	en
partners	partners	4560	en
pattern	pattern	4560	en
performing	performing	4560	en
personnel	personnel	4560	en
perspective	perspective	4560	en
pregnant	pregnant	4560	en
premier	premier	4560	en
promote	promote	4560	en
pakistan	pakistan	4550	en
panel	panel	4550	en
personality	personality	4550	en
plate	plate	4550	en
practices	practices	4550	en
prepare	prepare	4550	en
politicians	politicians	4540	en
print	print	4540	en
peak	peak	4530	en
portion	portion	4530	en
pounds	pounds	4530	en
princess	princess	4530	en
protein	protein	4530	en
puts	puts	4530	en
paint	paint	4520	en
pilot	pilot	4520	en
pink	pink	4520	en
presidential	presidential	4520	en
principal	principal	4520	en
plastic	plastic	4510	en
protected	protected	4510	en
purposes	purposes	4510	en
permission	permission	4500	en
porn	porn	4500	en
philosophy	philosophy	4490	en
pride	pride	4490	en
promised	promised	4490	en
pants	pants	4480	en
partnership	partnership	4480	en
payments	payments	4480	en
percentage	percentage	4480	en
pocket	pocket	4480	en
practical	practical	4480	en
primarily	primarily	4480	en
proved	proved	4480	en
parking	parking	4470	en
proposal	proposal	4470	en
province	province	4470	en
purchased	purchased	4470	en
pa	pa	4460	en
package	package	4460	en
pointed	pointed	4460	en
poverty	poverty	4460	en
processes	processes	4460	en
processing	processing	4460	en
palace	palace	4450	en
passes	passes	4450	en
penalty	penalty	4450	en
pet	pet	4450	en
phones	phones	4450	en
photography	photography	4450	en
producing	producing	4450	en
protest	protest	4450	en
publication	publication	4450	en
passion	passion	4440	en
picking	picking	4440	en
pleased	pleased	4440	en
procedure	procedure	4440	en
producer	producer	4440	en
pushing	pushing	4440	en
persons	persons	4430	en
pitch	pitch	4430	en
pizza	pizza	4430	en
plain	plain	4430	en
pushed	pushed	4430	en
participate	participate	4420	en
philadelphia	philadelphia	4420	en
prayer	prayer	4420	en
principles	principles	4420	en
patterns	patterns	4410	en
presents	presents	4410	en
question	question	5350	en
quite	quite	5290	en
questions	questions	5150	en
quality	quality	5110	en
quickly	quickly	5000	en
quick	quick	4980	en
queen	queen	4860	en
quarter	quarter	4720	en
quiet	quiet	4650	en
quit	quit	4540	en
quote	quote	4510	en
qualified	qualified	4460	en
quest	quest	4270	en
quotes	quotes	4250	en
quarters	quarters	4230	en
queensland	queensland	4230	en
quoted	quoted	4210	en
qualify	qualify	4190	en
quietly	quietly	4150	en
quantity	quantity	4070	en
quantum	quantum	4070	en
qualities	qualities	4060	en
queens	queens	4060	en
questioning	questioning	4040	en
questioned	questioned	4020	en
qualifying	qualifying	4010	en
quarterly	quarterly	3990	en
quebec	quebec	3970	en
quarterback	quarterback	3950	en
quicker	quicker	3920	en
quinn	quinn	3900	en
qualification	qualification	3880	en
qualifications	qualifications	3880	en
quantities	quantities	3860	en
que	que	3840	en
quiz	quiz	3820	en
qatar	qatar	3780	en
questionable	questionable	3780	en
queue	queue	3780	en
quo	quo	3780	en
queer	queer	3760	en
quantitative	quantitative	3730	en
quoting	quoting	3720	en
quad	quad	3700	en
quartz	quartz	3700	en
quitting	quitting	3700	en
qaeda	qaeda	3650	en
quarantine	quarantine	3640	en
query	query	3640	en
quarry	quarry	3600	en
quartet	quartet	3540	en
quirky	quirky	3530	en
quota	quota	3530	en
quran	quran	3530	en
quotation	quotation	3510	en
quasi	quasi	3490	en
quentin	quentin	3490	en
quake	quake	3450	en
qualitative	qualitative	3450	en
queries	queries	3450	en
questionnaire	questionnaire	3440	en
quickest	quickest	3420	en
qualifier	qualifier	3410	en
quincy	quincy	3410	en
quits	quits	3390	en
qualifies	qualifies	3380	en
quieter	quieter	3340	en
quotas	quotas	3330	en
qui	qui	3320	en
quid	quid	3320	en
quarrel	quarrel	3310	en
qi	qi	3290	en
quotations	quotations	3290	en
qu	qu	3280	en
quadrant	quadrant	3280	en
quaint	quaint	3270	en
qualifiers	qualifiers	3270	en
quay	quay	3260	en
quilt	quilt	3250	en
quantify	quantify	3240	en
qa	qa	3230	en
queues	queues	3210	en
qld	qld	3160	en
quadruple	quadruple	3150	en
quaker	quaker	3150	en
quarterbacks	quarterbacks	3140	en
quarterfinals	quarterfinals	3140	en
quests	quests	3140	en
quail	quail	3130	en
quirk	quirk	3130	en
qing	qing	3120	en
quill	quill	3110	en
quot	quot	3090	en
quorum	quorum	3070	en
quack	quack	3060	en
quarries	quarries	3060	en
qin	qin	3050	en
quark	quark	3050	en
queuing	queuing	3050	en
quizzes	quizzes	3050	en
quartermaster	quartermaster	3040	en
questionnaires	questionnaires	3030	en
quintessential	quintessential	3030	en
quart	quart	3010	en
quinoa	quinoa	3010	en
qualcomm	qualcomm	3000	en
quell	quell	3000	en
quadratic	quadratic	2980	en
quan	quan	2970	en
quantified	quantified	2970	en
quirks	quirks	2960	en
quakers	quakers	2950	en
quarantined	quarantined	2950	en
quotient	quotient	2950	en
quixote	quixote	2930	en
qualms	qualms	2920	en
qatari	qatari	2910	en
quarterfinal	quarterfinal	2900	en
quench	quench	2890	en
quetta	quetta	2870	en
qantas	qantas	2860	en
quicken	quicken	2860	en
quicksilver	quicksilver	2860	en
quince	quince	2860	en
qe	qe	2850	en
quaternary	quaternary	2850	en
quintet	quintet	2850	en
qua	qua	2840	en
quantification	quantification	2840	en
quiver	quiver	2840	en
quadrangle	quadrangle	2830	en
quezon	quezon	2830	en
quickness	quickness	2830	en
quito	quito	2830	en
quinlan	quinlan	2810	en
quantico	quantico	2800	en
quarrels	quarrels	2800	en
quilted	quilted	2800	en
quilts	quilts	2800	en
qbs	qbs	2790	en
quartered	quartered	2790	en
quigley	quigley	2790	en
queenstown	queenstown	2780	en
quintana	quintana	2780	en
quads	quads	2770	en
queued	queued	2760	en
quickie	quickie	2760	en
quagmire	quagmire	2750	en
quaid	quaid	2750	en
quash	quash	2750	en
quarks	quarks	2740	en
quashed	quashed	2740	en
queried	queried	2740	en
quidditch	quidditch	2740	en
quivering	quivering	2740	en
quakes	quakes	2720	en
quarrying	quarrying	2720	en
quin	quin	2720	en
quibble	quibble	2690	en
quinton	quinton	2690	en
quicksand	quicksand	2680	en
quilting	quilting	2680	en
quantifying	quantifying	2670	en
quip	quip	2670	en
qaida	qaida	2660	en
qingdao	qingdao	2650	en
quantifiable	quantifiable	2650	en
quarts	quarts	2640	en
quattro	quattro	2640	en
ques	ques	2640	en
queueing	queueing	2640	en
quint	quint	2640	en
qian	qian	2630	en
qual	qual	2630	en
quantitatively	quantitatively	2630	en
quadrupled	quadrupled	2620	en
queasy	queasy	2620	en
quiche	quiche	2620	en
quips	quips	2620	en
qureshi	qureshi	2620	en
qos	qos	2600	en
quacks	quacks	2600	en
quandary	quandary	2600	en
quietest	quietest	2600	en
quipped	quipped	2600	en
qiu	qiu	2580	en
quartets	quartets	2580	en
queers	queers	2580	en
quenching	quenching	2580	en
qualitatively	qualitatively	2570	en
quant	quant	2570	en
quinnipiac	quinnipiac	2570	en
quadrants	quadrants	2560	en
quayle	quayle	2560	en
quitter	quitter	2560	en
quinta	quinta	2550	en
qm	qm	2540	en
quantization	quantization	2540	en
queenie	queenie	2540	en
qp	qp	2530	en
quays	quays	2530	en
queso	queso	2530	en
quinine	quinine	2530	en
quintus	quintus	2530	en
qasim	qasim	2520	en
qd	qd	2500	en
quarto	quarto	2500	en
questioner	questioner	2500	en
quora	quora	2500	en
qwerty	qwerty	2500	en
quarried	quarried	2490	en
quills	quills	2490	en
quercus	quercus	2480	en
quang	quang	2470	en
quds	quds	2470	en
quenched	quenched	2470	en
quotable	quotable	2470	en
quai	quai	2460	en
quechua	quechua	2460	en
quelled	quelled	2460	en
querying	querying	2460	en
quickened	quickened	2460	en
quartzite	quartzite	2450	en
quietness	quietness	2450	en
qadri	qadri	2440	en
quatre	quatre	2440	en
quincey	quincey	2440	en
qed	qed	2430	en
quaking	quaking	2430	en
quando	quando	2430	en
quasar	quasar	2430	en
quickening	quickening	2430	en
qvc	qvc	2430	en
quicktime	quicktime	2420	en
quadcopter	quadcopter	2410	en
quiero	quiero	2410	en
quieted	quieted	2410	en
qol	qol	2400	en
quelle	quelle	2400	en
quinto	quinto	2400	en
quanta	quanta	2380	en
quimby	quimby	2380	en
quadriceps	quadriceps	2370	en
quadrilateral	quadrilateral	2370	en
quartile	quartile	2370	en
quickbooks	quickbooks	2370	en
quitters	quitters	2370	en
qiang	qiang	2360	en
quarreling	quarreling	2360	en
quayside	quayside	2360	en
quel	quel	2360	en
questing	questing	2360	en
quine	quine	2360	en
quintero	quintero	2360	en
quadrature	quadrature	2350	en
quadriplegic	quadriplegic	2350	en
really	really	5970	en
right	right	5960	en
real	real	5600	en
read	read	5540	en
run	run	5490	en
research	research	5390	en
room	room	5390	en
remember	remember	5380	en
rather	rather	5320	en
reason	reason	5320	en
red	red	5320	en
report	report	5320	en
ready	ready	5280	en
road	road	5240	en
re	re	5230	en
rest	rest	5230	en
results	results	5230	en
running	running	5230	en
record	record	5210	en
return	return	5190	en
rights	rights	5190	en
result	result	5180	en
received	received	5160	en
role	role	5160	en
relationship	relationship	5150	en
rate	rate	5140	en
reading	reading	5140	en
round	round	5140	en
range	range	5120	en
review	review	5120	en
related	related	5100	en
release	release	5090	en
race	race	5080	en
rules	rules	5060	en
released	released	5050	en
risk	risk	5050	en
recent	recent	5040	en
respect	respect	5030	en
response	response	5030	en
river	river	5030	en
rock	rock	5030	en
recently	recently	5020	en
required	required	5020	en
radio	radio	5010	en
russian	russian	5010	en
region	region	5000	en
reported	reported	5000	en
regular	regular	4950	en
reach	reach	4940	en
rule	rule	4940	en
reasons	reasons	4930	en
russia	russia	4930	en
resources	resources	4910	en
rich	rich	4910	en
records	records	4900	en
reports	reports	4900	en
reality	reality	4890	en
rates	rates	4880	en
responsible	responsible	4880	en
ran	ran	4870	en
reached	reached	4850	en
receive	receive	4850	en
religious	religious	4850	en
ride	ride	4850	en
robert	robert	4850	en
royal	royal	4850	en
raised	raised	4840	en
runs	runs	4840	en
realize	realize	4830	en
remain	remain	4830	en
returned	returned	4820	en
rose	rose	4820	en
ring	ring	4810	en
rise	rise	4810	en
remains	remains	4800	en
removed	removed	4790	en
richard	richard	4790	en
require	require	4780	en
rare	rare	4770	en
request	request	4760	en
raise	raise	4750	en
responsibility	responsibility	4750	en
roll	roll	4750	en
reference	reference	4740	en
religion	religion	4740	en
reaction	reaction	4730	en
reduce	reduce	4730	en
regional	regional	4720	en
rain	rain	4710	en
remove	remove	4710	en
republican	republican	4700	en
ray	ray	4690	en
relationships	relationships	4680	en
restaurant	restaurant	4680	en
regarding	regarding	4670	en
relations	relations	4670	en
requires	requires	4670	en
route	route	4670	en
recorded	recorded	4660	en
relatively	relatively	4660	en
revealed	revealed	4650	en
reduced	reduced	4640	en
requirements	requirements	4640	en
residents	residents	4640	en
revenue	revenue	4640	en
remaining	remaining	4630	en
remained	remained	4620	en
recommend	recommend	4610	en
referred	referred	4610	en
relevant	relevant	4610	en
republic	republic	4600	en
reserve	reserve	4600	en
returns	returns	4600	en
row	row	4600	en
realized	realized	4590	en
reasonable	reasonable	4590	en
receiving	receiving	4590	en
register	register	4590	en
resolution	resolution	4590	en
rural	rural	4590	en
ryan	ryan	4590	en
random	random	4580	en
recovery	recovery	4580	en
rent	rent	4580	en
replace	replace	4580	en
represent	represent	4580	en
reviews	reviews	4580	en
representative	representative	4570	en
revolution	revolution	4560	en
rooms	rooms	4560	en
relief	relief	4550	en
replaced	replaced	4550	en
resistance	resistance	4550	en
retail	retail	4550	en
rice	rice	4550	en
roads	roads	4550	en
roof	roof	4550	en
refused	refused	4540	en
reporting	reporting	4540	en
raw	raw	4530	en
reform	reform	4530	en
regions	regions	4530	en
represented	represented	4530	en
respond	respond	4530	en
retirement	retirement	4530	en
recognize	recognize	4520	en
recognized	recognized	4520	en
registered	registered	4520	en
regularly	regularly	4520	en
rising	rising	4520	en
recording	recording	4510	en
racing	racing	4500	en
recommended	recommended	4500	en
regulations	regulations	4500	en
reply	reply	4500	en
republicans	republicans	4500	en
rid	rid	4500	en
roman	roman	4500	en
repeat	repeat	4490	en
returning	returning	4490	en
riding	riding	4490	en
rough	rough	4490	en
rape	rape	4480	en
regardless	regardless	4480	en
relative	relative	4480	en
represents	represents	4480	en
rescue	rescue	4480	en
resulting	resulting	4480	en
rush	rush	4480	en
recognition	recognition	4470	en
reputation	reputation	4470	en
rolling	rolling	4470	en
railway	railway	4460	en
reaching	reaching	4460	en
ridiculous	ridiculous	4460	en
rating	rating	4450	en
refer	refer	4450	en
respectively	respectively	4450	en
rome	rome	4450	en
rank	rank	4440	en
replacement	replacement	4440	en
retired	retired	4440	en
roles	roles	4440	en
raising	raising	4430	en
rear	rear	4430	en
reveal	reveal	4430	en
romantic	romantic	4430	en
racist	racist	4420	en
rarely	rarely	4420	en
references	references	4420	en
rail	rail	4410	en
readers	readers	4410	en
remote	remote	4410	en
repair	repair	4410	en
root	root	4410	en
recall	recall	4400	en
rugby	rugby	4400	en
reduction	reduction	4390	en
reflect	reflect	4390	en
refuse	refuse	4390	en
researchers	researchers	4390	en
resource	resource	4390	en
roger	roger	4390	en
ross	ross	4390	en
races	races	4380	en
rapid	rapid	4380	en
regulation	regulation	4380	en
resident	resident	4380	en
rocks	rocks	4380	en
ratio	ratio	4370	en
regret	regret	4370	en
rejected	rejected	4370	en
remind	remind	4370	en
resort	resort	4370	en
resulted	resulted	4370	en
reverse	reverse	4370	en
routine	routine	4370	en
reducing	reducing	4360	en
regard	regard	4360	en
representing	representing	4360	en
residence	residence	4360	en
roughly	roughly	4360	en
ranked	ranked	4350	en
referring	referring	4350	en
removal	removal	4350	en
rep	rep	4350	en
reporter	reporter	4350	en
rio	rio	4350	en
risks	risks	4350	en
rob	rob	4350	en
rally	rally	4340	en
rapidly	rapidly	4340	en
reader	reader	4340	en
representation	representation	4340	en
restaurants	restaurants	4340	en
reveals	reveals	4340	en
roots	roots	4340	en
radical	radical	4330	en
remembered	remembered	4330	en
requested	requested	4330	en
residential	residential	4330	en
reward	reward	4330	en
rings	rings	4330	en
robin	robin	4330	en
russell	russell	4330	en
railroad	railroad	4320	en
registration	registration	4320	en
releases	releases	4320	en
rick	rick	4320	en
romance	romance	4320	en
relation	relation	4310	en
restrictions	restrictions	4310	en
rocket	rocket	4310	en
ruin	ruin	4310	en
racial	racial	4300	en
rated	rated	4300	en
so	so	6520	en
she	she	6260	en
some	some	6200	en
see	see	6100	en
said	said	6010	en
should	should	5990	en
still	still	5920	en
say	say	5890	en
such	such	5840	en
something	something	5810	en
same	same	5800	en
state	state	5780	en
since	since	5750	en
school	school	5710	en
show	show	5680	en
sure	sure	5670	en
second	second	5630	en
someone	someone	5630	en
set	set	5590	en
start	start	5560	en
system	system	5560	en
support	support	5530	en
seen	seen	5520	en
states	states	5520	en
stop	stop	5520	en
small	small	5510	en
side	side	5500	en
says	says	5490	en
service	service	5490	en
season	season	5480	en
shit	shit	5480	en
story	story	5450	en
social	social	5420	en
single	single	5410	en
south	south	5400	en
several	several	5390	en
started	started	5390	en
saying	saying	5370	en
series	series	5350	en
saw	saw	5340	en
special	special	5340	en
short	short	5330	en
stay	stay	5330	en
soon	soon	5320	en
services	services	5310	en
six	six	5290	en
sometimes	sometimes	5280	en
son	son	5280	en
street	street	5280	en
song	song	5260	en
study	study	5260	en
self	self	5250	en
students	students	5250	en
seems	seems	5240	en
shows	shows	5230	en
space	space	5230	en
summer	summer	5230	en
sex	sex	5220	en
shot	shot	5220	en
site	site	5220	en
strong	strong	5220	en
similar	similar	5210	en
security	security	5200	en
share	share	5200	en
sense	sense	5190	en
star	star	5190	en
sorry	sorry	5180	en
society	society	5170	en
sent	sent	5160	en
september	september	5150	en
sound	sound	5150	en
source	source	5150	en
save	save	5140	en
stand	stand	5140	en
stuff	stuff	5140	en
size	size	5130	en
step	step	5130	en
science	science	5120	en
send	send	5110	en
style	style	5110	en
serious	serious	5100	en
stage	stage	5100	en
situation	situation	5090	en
seem	seem	5080	en
seven	seven	5080	en
sign	sign	5080	en
simple	simple	5080	en
simply	simply	5080	en
staff	staff	5080	en
super	super	5080	en
safe	safe	5070	en
starting	starting	5070	en
systems	systems	5070	en
sea	sea	5060	en
sir	sir	5060	en
success	success	5060	en
schools	schools	5050	en
sleep	sleep	5050	en
seeing	seeing	5040	en
straight	straight	5040	en
shall	shall	5030	en
speak	speak	5030	en
specific	specific	5030	en
standard	standard	5030	en
sales	sales	5020	en
spent	spent	5020	en
store	store	5020	en
student	student	5020	en
station	station	5010	en
section	section	5000	en
sort	sort	5000	en
speed	speed	5000	en
sale	sale	4990	en
sell	sell	4980	en
significant	significant	4980	en
studies	studies	4980	en
safety	safety	4970	en
san	san	4970	en
scene	scene	4970	en
sold	sold	4970	en
sounds	sounds	4970	en
spend	spend	4970	en
statement	statement	4970	en
sun	sun	4970	en
search	search	4960	en
subject	subject	4960	en
secretary	secretary	4950	en
sister	sister	4950	en
stories	stories	4950	en
seriously	seriously	4940	en
sports	sports	4940	en
stupid	stupid	4940	en
successful	successful	4940	en
ship	ship	4930	en
stock	stock	4930	en
secret	secret	4920	en
senior	senior	4920	en
spring	spring	4920	en
sunday	sunday	4920	en
skin	skin	4910	en
speaking	speaking	4910	en
supposed	supposed	4910	en
sweet	sweet	4910	en
shown	shown	4900	en
sit	sit	4900	en
smith	smith	4890	en
spot	spot	4890	en
shop	shop	4880	en
showing	showing	4880	en
sick	sick	4880	en
saturday	saturday	4870	en
status	status	4870	en
seconds	seconds	4860	en
showed	showed	4860	en
sitting	sitting	4860	en
standing	standing	4860	en
stars	stars	4860	en
screen	screen	4850	en
serve	serve	4850	en
signed	signed	4850	en
slow	slow	4850	en
species	species	4850	en
speech	speech	4850	en
sad	sad	4840	en
solution	solution	4840	en
songs	songs	4840	en
sources	sources	4840	en
southern	southern	4840	en
square	square	4840	en
stopped	stopped	4840	en
structure	structure	4840	en
scale	scale	4830	en
score	score	4830	en
separate	separate	4830	en
smart	smart	4830	en
starts	starts	4830	en
surface	surface	4830	en
seat	seat	4820	en
seemed	seemed	4820	en
sexual	sexual	4820	en
selling	selling	4810	en
served	served	4810	en
silver	silver	4810	en
soul	soul	4810	en
spread	spread	4810	en
supply	supply	4810	en
senate	senate	4800	en
smaller	smaller	4800	en
somebody	somebody	4800	en
stone	stone	4800	en
strength	strength	4800	en
spirit	spirit	4790	en
shooting	shooting	4780	en
shut	shut	4780	en
standards	standards	4780	en
setting	setting	4770	en
skills	skills	4770	en
software	software	4770	en
stick	stick	4760	en
slightly	slightly	4750	en
suggest	suggest	4750	en
surprise	surprise	4750	en
sites	sites	4740	en
somewhere	somewhere	4740	en
stated	stated	4740	en
strategy	strategy	4740	en
shoot	shoot	4730	en
sides	sides	4730	en
solid	solid	4730	en
spanish	spanish	4730	en
sport	sport	4730	en
steps	steps	4730	en
stress	stress	4730	en
scott	scott	4720	en
session	session	4720	en
shape	shape	4720	en
sky	sky	4720	en
signs	signs	4710	en
spending	spending	4710	en
steel	steel	4710	en
steve	steve	4710	en
supporting	supporting	4710	en
soldiers	soldiers	4700	en
suit	suit	4700	en
sets	sets	4690	en
suddenly	suddenly	4690	en
supreme	supreme	4690	en
survey	survey	4690	en
scotland	scotland	4680	en
selected	selected	4680	en
shared	shared	4680	en
shopping	shopping	4680	en
soft	soft	4680	en
stuck	stuck	4680	en
sugar	sugar	4680	en
suggested	suggested	4680	en
supported	supported	4680	en
surprised	surprised	4680	en
saved	saved	4670	en
schedule	schedule	4670	en
scientific	scientific	4670	en
shoes	shoes	4670	en
smoke	smoke	4670	en
squad	squad	4670	en
sector	sector	4660	en
sharing	sharing	4660	en
snow	snow	4660	en
storm	storm	4660	en
streets	streets	4660	en
strike	strike	4660	en
studio	studio	4660	en
sub	sub	4660	en
specifically	specifically	4650	en
split	split	4650	en
sam	sam	4640	en
sat	sat	4640	en
the	the	7730	en
to	to	7430	en
that	that	7010	en
this	this	6820	en
they	they	6500	en
their	their	6330	en
there	there	6310	en
time	time	6290	en
them	them	6190	en
than	than	6130	en
two	two	6100	en
think	think	6080	en
then	then	6070	en
these	these	6040	en
too	too	5950	en
take	take	5920	en
those	those	5900	en
through	through	5870	en
three	three	5780	en
things	things	5740	en
thing	thing	5720	en
team	team	5670	en
thought	thought	5590	en
top	top	5570	en
times	times	5560	en
today	today	5550	en
told	told	5540	en
tell	tell	5530	en
took	took	5510	en
though	though	5500	en
try	try	5500	en
thank	thank	5480	en
trying	trying	5470	en
together	together	5460	en
thanks	thanks	5430	en
talk	talk	5420	en
true	true	5400	en
taking	taking	5390	en
taken	taken	5330	en
third	third	5320	en
turn	turn	5320	en
talking	talking	5290	en
type	type	5270	en
thinking	thinking	5240	en
town	town	5240	en
term	term	5230	en
total	total	5210	en
test	test	5190	en
takes	takes	5180	en
training	training	5180	en
themselves	themselves	5160	en
tried	tried	5160	en
tax	tax	5140	en
trust	trust	5130	en
trade	trade	5120	en
terms	terms	5100	en
title	title	5100	en
technology	technology	5090	en
turned	turned	5090	en
towards	towards	5060	en
table	table	5050	en
ten	ten	5050	en
truth	truth	5050	en
tonight	tonight	5030	en
tomorrow	tomorrow	5020	en
track	track	5020	en
text	text	5010	en
treatment	treatment	5010	en
travel	travel	5000	en
throughout	throughout	4990	en
tour	tour	4990	en
teams	teams	4970	en
train	train	4960	en
trump	trump	4930	en
telling	telling	4920	en
thus	thus	4910	en
touch	touch	4910	en
trip	trip	4900	en
texas	texas	4890	en
teacher	teacher	4880	en
theory	theory	4880	en
therefore	therefore	4870	en
trial	trial	4870	en
truly	truly	4870	en
traffic	traffic	4850	en
tree	tree	4850	en
types	types	4850	en
thomas	thomas	4840	en
traditional	traditional	4840	en
twice	twice	4840	en
throw	throw	4830	en
tom	tom	4830	en
totally	totally	4830	en
twitter	twitter	4830	en
target	target	4820	en
television	television	4790	en
till	till	4790	en
trouble	trouble	4790	en
tells	tells	4780	en
thinks	thinks	4780	en
thousands	thousands	4770	en
tough	tough	4770	en
turns	turns	4760	en
technical	technical	4750	en
thoughts	thoughts	4750	en
treat	treat	4750	en
teachers	teachers	4740	en
taste	taste	4730	en
tea	tea	4730	en
teaching	teaching	4720	en
toward	toward	4720	en
transfer	transfer	4720	en
terrible	terrible	4710	en
tired	tired	4710	en
treated	treated	4710	en
turning	turning	4710	en
tech	tech	4690	en
trees	trees	4690	en
taught	taught	4680	en
transport	transport	4680	en
teach	teach	4670	en
testing	testing	4670	en
tests	tests	4670	en
task	task	4650	en
taxes	taxes	4650	en
taylor	taylor	4650	en
twenty	twenty	4650	en
talent	talent	4640	en
temperature	temperature	4640	en
thousand	thousand	4640	en
tony	tony	4640	en
troops	troops	4640	en
truck	truck	4640	en
trading	trading	4630	en
tuesday	tuesday	4630	en
talked	talked	4620	en
theme	theme	4620	en
thursday	thursday	4620	en
tiny	tiny	4620	en
typically	typically	4620	en
talks	talks	4610	en
ticket	ticket	4610	en
territory	territory	4600	en
threat	threat	4600	en
tickets	tickets	4600	en
tools	tools	4590	en
typical	typical	4590	en
teeth	teeth	4580	en
tips	tips	4580	en
trained	trained	4580	en
tank	tank	4570	en
tend	tend	4570	en
tight	tight	4570	en
transportation	transportation	4570	en
tool	tool	4560	en
tournament	tournament	4560	en
turkey	turkey	4560	en
tip	tip	4550	en
tries	tries	4530	en
tall	tall	4520	en
thats	thats	4520	en
theatre	theatre	4520	en
therapy	therapy	4520	en
techniques	techniques	4510	en
tie	tie	4510	en
tim	tim	4510	en
trend	trend	4510	en
tower	tower	4500	en
tradition	tradition	4500	en
tone	tone	4490	en
topic	topic	4490	en
toronto	toronto	4490	en
temporary	temporary	4480	en
tested	tested	4480	en
trick	trick	4480	en
tears	tears	4470	en
technique	technique	4470	en
thin	thin	4470	en
tied	tied	4470	en
thick	thick	4460	en
threw	threw	4460	en
tons	tons	4460	en
transition	transition	4460	en
temple	temple	4450	en
tracks	tracks	4450	en
trail	trail	4450	en
tag	tag	4440	en
tape	tape	4440	en
thread	thread	4440	en
trash	trash	4420	en
telephone	telephone	4410	en
tho	tho	4410	en
titles	titles	4410	en
trans	trans	4410	en
throwing	throwing	4400	en
thrown	thrown	4400	en
towns	towns	4390	en
translation	translation	4390	en
thirty	thirty	4380	en
tongue	tongue	4370	en
threatened	threatened	4360	en
transferred	transferred	4360	en
tube	tube	4360	en
tear	tear	4350	en
tennis	tennis	4350	en
terrorist	terrorist	4350	en
theater	theater	4350	en
ties	ties	4350	en
twelve	twelve	4350	en
tail	tail	4340	en
texts	texts	4340	en
twin	twin	4340	en
teen	teen	4330	en
temperatures	temperatures	4330	en
transmission	transmission	4330	en
trap	trap	4330	en
technologies	technologies	4320	en
tissue	tissue	4320	en
trailer	trailer	4320	en
trends	trends	4320	en
trials	trials	4320	en
terminal	terminal	4310	en
toilet	toilet	4310	en
treaty	treaty	4310	en
triple	triple	4310	en
talented	talented	4300	en
throat	throat	4300	en
tiger	tiger	4300	en
touched	touched	4300	en
toy	toy	4300	en
tables	tables	4290	en
tale	tale	4290	en
targets	targets	4290	en
timing	timing	4290	en
ton	ton	4290	en
tap	tap	4280	en
thompson	thompson	4280	en
threats	threats	4280	en
tourism	tourism	4280	en
turkish	turkish	4280	en
tanks	tanks	4270	en
tokyo	tokyo	4270	en
topics	topics	4270	en
trains	trains	4270	en
traveling	traveling	4270	en
treating	treating	4270	en
tune	tune	4270	en
ted	ted	4260	en
terror	terror	4260	en
toys	toys	4250	en
tracking	tracking	4250	en
tribute	tribute	4250	en
trigger	trigger	4250	en
terrorism	terrorism	4240	en
terry	terry	4240	en
toxic	toxic	4240	en
up	up	6390	en
us	us	6040	en
use	use	5810	en
used	used	5800	en
under	under	5730	en
until	until	5610	en
united	united	5470	en
using	using	5470	en
university	university	5390	en
understand	understand	5370	en
usually	usually	5150	en
uk	uk	5120	en
upon	upon	5120	en
union	union	5080	en
unless	unless	4980	en
unit	unit	4950	en
uses	uses	4880	en
understanding	understanding	4820	en
users	users	4800	en
usa	usa	4790	en
units	units	4770	en
unique	unique	4750	en
upper	upper	4720	en
useful	useful	4720	en
update	update	4690	en
user	user	4690	en
urban	urban	4650	en
un	un	4620	en
unfortunately	unfortunately	4620	en
usual	usual	4620	en
unable	unable	4610	en
upset	upset	4610	en
universe	universe	4590	en
understood	understood	4580	en
ultimately	ultimately	4570	en
unlike	unlike	4570	en
updated	updated	4550	en
ultimate	ultimate	4530	en
unknown	unknown	4530	en
universal	universal	4490	en
uncle	uncle	4450	en
unusual	unusual	4450	en
ugly	ugly	4420	en
ups	ups	4410	en
universities	universities	4360	en
upcoming	upcoming	4340	en
uniform	uniform	4330	en
ukraine	ukraine	4320	en
underground	underground	4320	en
unlikely	unlikely	4310	en
updates	updates	4310	en
utility	utility	4270	en
uh	uh	4260	en
unions	unions	4240	en
upgrade	upgrade	4240	en
ultra	ultra	4230	en
unexpected	unexpected	4230	en
usage	usage	4230	en
utah	utah	4230	en
ugh	ugh	4220	en
unemployment	unemployment	4220	en
unity	unity	4220	en
useless	useless	4220	en
uncomfortable	uncomfortable	4190	en
ukrainian	ukrainian	4180	en
unnecessary	unnecessary	4180	en
underlying	underlying	4170	en
unfair	unfair	4170	en
urgent	urgent	4150	en
um	um	4130	en
understands	understands	4130	en
unfortunate	unfortunate	4120	en
urge	urge	4110	en
unlimited	unlimited	4100	en
unbelievable	unbelievable	4080	en
underneath	underneath	4080	en
unhappy	unhappy	4060	en
uncertainty	uncertainty	4030	en
utterly	utterly	4020	en
upside	upside	4010	en
urged	urged	4010	en
uncertain	uncertain	3990	en
upload	upload	3990	en
usb	usb	3980	en
usd	usd	3970	en
uber	uber	3960	en
underwear	underwear	3960	en
unto	unto	3960	en
unconscious	unconscious	3940	en
und	und	3940	en
unclear	unclear	3930	en
upgraded	upgraded	3930	en
underwater	underwater	3920	en
uploaded	uploaded	3920	en
ur	ur	3910	en
unemployed	unemployed	3900	en
unite	unite	3900	en
unlock	unlock	3900	en
umbrella	umbrella	3890	en
utilities	utilities	3890	en
undoubtedly	undoubtedly	3880	en
uniforms	uniforms	3880	en
unacceptable	unacceptable	3870	en
unaware	unaware	3870	en
uncommon	uncommon	3870	en
underway	underway	3870	en
unified	unified	3870	en
unstable	unstable	3870	en
upstairs	upstairs	3870	en
url	url	3860	en
ufc	ufc	3850	en
undergraduate	undergraduate	3850	en
undertaken	undertaken	3850	en
uranium	uranium	3850	en
utter	utter	3850	en
urine	urine	3840	en
utilized	utilized	3830	en
unprecedented	unprecedented	3820	en
undergo	undergo	3810	en
unpleasant	unpleasant	3800	en
unrelated	unrelated	3800	en
ussr	ussr	3800	en
uganda	uganda	3780	en
unwanted	unwanted	3780	en
upgrades	upgrades	3780	en
undercover	undercover	3770	en
unlocked	unlocked	3760	en
unusually	unusually	3760	en
unveiled	unveiled	3760	en
username	username	3760	en
uae	uae	3750	en
ucla	ucla	3750	en
unreasonable	unreasonable	3750	en
unsure	unsure	3750	en
upwards	upwards	3750	en
utilize	utilize	3750	en
unchanged	unchanged	3740	en
understandable	understandable	3740	en
upright	upright	3740	en
uprising	uprising	3740	en
uncovered	uncovered	3730	en
undertake	undertake	3730	en
unpaid	unpaid	3730	en
unsuccessful	unsuccessful	3730	en
usc	usc	3730	en
uc	uc	3720	en
unarmed	unarmed	3720	en
undertaking	undertaking	3720	en
unfinished	unfinished	3720	en
unhealthy	unhealthy	3720	en
unlawful	unlawful	3720	en
unpopular	unpopular	3720	en
ut	ut	3720	en
undergoing	undergoing	3710	en
unexpectedly	unexpectedly	3710	en
upward	upward	3710	en
unwilling	unwilling	3700	en
uruguay	uruguay	3700	en
utc	utc	3700	en
underestimate	underestimate	3690	en
uni	uni	3690	en
updating	updating	3690	en
urges	urges	3690	en
unanimous	unanimous	3680	en
unpredictable	unpredictable	3680	en
urging	urging	3680	en
unsafe	unsafe	3670	en
unofficial	unofficial	3660	en
undermine	undermine	3650	en
underwent	underwent	3650	en
unused	unused	3640	en
unavailable	unavailable	3630	en
universally	universally	3630	en
unlucky	unlucky	3630	en
utilizing	utilizing	3630	en
uv	uv	3630	en
ui	ui	3620	en
unanimously	unanimously	3620	en
undefeated	undefeated	3620	en
unfamiliar	unfamiliar	3620	en
upgrading	upgrading	3620	en
underrated	underrated	3610	en
unidentified	unidentified	3610	en
unrest	unrest	3610	en
unseen	unseen	3610	en
utmost	utmost	3610	en
unreal	unreal	3590	en
upheld	upheld	3590	en
ukip	ukip	3580	en
undergone	undergone	3580	en
umm	umm	3570	en
unauthorized	unauthorized	3570	en
undo	undo	3570	en
unnamed	unnamed	3570	en
upsetting	upsetting	3570	en
upstream	upstream	3560	en
ulster	ulster	3550	en
unesco	unesco	3550	en
uneven	uneven	3550	en
urgency	urgency	3550	en
ul	ul	3540	en
unicorn	unicorn	3540	en
uniquely	uniquely	3540	en
unrealistic	unrealistic	3540	en
uefa	uefa	3530	en
unreliable	unreliable	3530	en
upbeat	upbeat	3530	en
usable	usable	3530	en
unfit	unfit	3520	en
uphold	uphold	3520	en
ultrasound	ultrasound	3510	en
usher	usher	3510	en
utilization	utilization	3500	en
unconditional	unconditional	3490	en
unforgettable	unforgettable	3490	en
ufo	ufo	3480	en
uncover	uncover	3480	en
unnatural	unnatural	3480	en
unstoppable	unstoppable	3480	en
upfront	upfront	3480	en
urgently	urgently	3480	en
unbearable	unbearable	3470	en
underage	underage	3470	en
unleashed	unleashed	3470	en
unmarried	unmarried	3470	en
underwood	underwood	3460	en
underworld	underworld	3460	en
uhh	uhh	3450	en
uneasy	uneasy	3450	en
unfold	unfold	3450	en
usda	usda	3450	en
uss	uss	3450	en
una	una	3440	en
undertook	undertook	3440	en
undocumented	undocumented	3440	en
unjust	unjust	3430	en
upbringing	upbringing	3430	en
uploading	uploading	3430	en
ubiquitous	ubiquitous	3420	en
unbelievably	unbelievably	3420	en
unconventional	unconventional	3420	en
unnecessarily	unnecessarily	3420	en
unnoticed	unnoticed	3420	en
untouched	untouched	3420	en
unleash	unleash	3410	en
unpublished	unpublished	3410	en
untrue	untrue	3410	en
uterus	uterus	3400	en
uncertainties	uncertainties	3390	en
underestimated	underestimated	3390	en
utopia	utopia	3390	en
uphill	uphill	3380	en
upton	upton	3380	en
umpire	umpire	3370	en
unborn	unborn	3370	en
undisclosed	undisclosed	3370	en
very	very	6000	en
video	video	5430	en
view	view	5190	en
value	value	5150	en
various	various	5120	en
vote	vote	5110	en
version	version	5070	en
voice	voice	5070	en
visit	visit	5040	en
via	via	5020	en
views	views	4830	en
village	village	4820	en
videos	videos	4790	en
van	van	4780	en
vehicle	vehicle	4760	en
volume	volume	4760	en
variety	variety	4750	en
violence	violence	4750	en
victory	victory	4730	en
valley	valley	4720	en
vice	vice	4710	en
values	values	4670	en
votes	votes	4640	en
vision	vision	4630	en
vehicles	vehicles	4620	en
virginia	virginia	4620	en
voted	voted	4620	en
voting	voting	4620	en
ve	ve	4560	en
victim	victim	4560	en
victims	victims	4560	en
valuable	valuable	4510	en
visited	visited	4500	en
visual	visual	4500	en
vast	vast	4490	en
visitors	visitors	4490	en
violent	violent	4460	en
voters	voters	4460	en
victoria	victoria	4440	en
visiting	visiting	4440	en
vegas	vegas	4420	en
virus	virus	4420	en
vol	vol	4410	en
vacation	vacation	4400	en
visible	visible	4390	en
valid	valid	4380	en
vital	vital	4380	en
versions	versions	4350	en
virgin	virgin	4350	en
voices	voices	4350	en
veterans	veterans	4340	en
versus	versus	4320	en
virtual	virtual	4320	en
vietnam	vietnam	4310	en
viewed	viewed	4310	en
visits	visits	4300	en
volunteers	volunteers	4290	en
volunteer	volunteer	4280	en
vessel	vessel	4270	en
va	va	4260	en
venture	venture	4260	en
virtually	virtually	4260	en
vary	vary	4250	en
venue	venue	4250	en
viewers	viewers	4220	en
veteran	veteran	4210	en
vulnerable	vulnerable	4210	en
vessels	vessels	4200	en
villa	villa	4200	en
volumes	volumes	4200	en
verse	verse	4180	en
victor	victor	4180	en
vintage	vintage	4180	en
villages	villages	4170	en
von	von	4170	en
vancouver	vancouver	4160	en
vocal	vocal	4160	en
vegetables	vegetables	4150	en
vertical	vertical	4150	en
violation	violation	4150	en
vincent	vincent	4140	en
valve	valve	4130	en
visa	visa	4130	en
variable	variable	4120	en
victorian	victorian	4120	en
voter	voter	4110	en
vacuum	vacuum	4090	en
variations	variations	4090	en
vi	vi	4090	en
variation	variation	4080	en
viewing	viewing	4080	en
viral	viral	4080	en
valued	valued	4070	en
vampire	vampire	4030	en
varied	varied	4030	en
verdict	verdict	4030	en
voltage	voltage	4020	en
visitor	visitor	4010	en
vitamin	vitamin	4010	en
void	void	4010	en
voluntary	voluntary	4010	en
vaccine	vaccine	4000	en
vinyl	vinyl	4000	en
vector	vector	3990	en
violations	violations	3990	en
vienna	vienna	3980	en
variables	variables	3970	en
varying	varying	3970	en
viable	viable	3960	en
varieties	varieties	3950	en
vegan	vegan	3950	en
varies	varies	3940	en
vegetable	vegetable	3940	en
verified	verified	3940	en
vibe	vibe	3940	en
virtue	virtue	3940	en
venezuela	venezuela	3930	en
venice	venice	3930	en
vladimir	vladimir	3930	en
velocity	velocity	3920	en
venues	venues	3920	en
verbal	verbal	3910	en
violated	violated	3910	en
vocals	vocals	3910	en
vault	vault	3900	en
vet	vet	3900	en
vince	vince	3900	en
voyage	voyage	3890	en
verify	verify	3880	en
villain	villain	3880	en
vague	vague	3870	en
vietnamese	vietnamese	3850	en
volleyball	volleyball	3850	en
vanilla	vanilla	3840	en
vermont	vermont	3840	en
vic	vic	3840	en
vii	vii	3840	en
violet	violet	3840	en
vicious	vicious	3830	en
victories	victories	3830	en
vikings	vikings	3830	en
vodka	vodka	3830	en
vagina	vagina	3820	en
verses	verses	3820	en
vocabulary	vocabulary	3820	en
venus	venus	3810	en
vacant	vacant	3800	en
vent	vent	3800	en
vicinity	vicinity	3800	en
vatican	vatican	3790	en
vendor	vendor	3790	en
variant	variant	3780	en
vegetarian	vegetarian	3780	en
vernon	vernon	3780	en
visibility	visibility	3780	en
valentine	valentine	3770	en
vegetation	vegetation	3770	en
vein	vein	3770	en
velvet	velvet	3770	en
vendors	vendors	3770	en
viewer	viewer	3770	en
vaccines	vaccines	3760	en
veins	veins	3760	en
ventures	ventures	3760	en
vip	vip	3760	en
visions	visions	3760	en
voiced	voiced	3760	en
volcano	volcano	3760	en
valuation	valuation	3750	en
veterinary	veterinary	3750	en
villagers	villagers	3750	en
violate	violate	3750	en
vivid	vivid	3750	en
vain	vain	3740	en
vanity	vanity	3740	en
violin	violin	3740	en
vest	vest	3730	en
vine	vine	3730	en
violating	violating	3730	en
viruses	viruses	3730	en
vanessa	vanessa	3720	en
vanished	vanished	3720	en
verb	verb	3720	en
versa	versa	3720	en
viii	viii	3720	en
volatile	volatile	3720	en
voluntarily	voluntarily	3720	en
val	val	3710	en
vera	vera	3710	en
vista	vista	3710	en
vogue	vogue	3710	en
volcanic	volcanic	3710	en
validity	validity	3700	en
variants	variants	3700	en
varsity	varsity	3700	en
verification	verification	3700	en
vows	vows	3700	en
vulnerability	vulnerability	3700	en
validation	validation	3680	en
vengeance	vengeance	3680	en
verizon	verizon	3680	en
visually	visually	3680	en
verge	verge	3670	en
vibrant	vibrant	3670	en
veil	veil	3660	en
versatile	versatile	3660	en
vacancy	vacancy	3650	en
var	var	3650	en
veto	veto	3650	en
villains	villains	3650	en
vocational	vocational	3650	en
valleys	valleys	3640	en
viewpoint	viewpoint	3640	en
vinegar	vinegar	3640	en
volunteered	volunteered	3630	en
vomiting	vomiting	3630	en
vale	vale	3620	en
valencia	valencia	3620	en
vastly	vastly	3620	en
vile	vile	3620	en
violently	violently	3620	en
ventilation	ventilation	3600	en
viking	viking	3600	en
vaccination	vaccination	3590	en
valerie	valerie	3590	en
valves	valves	3590	en
vampires	vampires	3590	en
vibration	vibration	3590	en
vitamins	vitamins	3590	en
vans	vans	3570	en
venom	venom	3570	en
victorious	victorious	3570	en
vines	vines	3570	en
visuals	visuals	3570	en
vapor	vapor	3560	en
veronica	veronica	3560	en
vow	vow	3560	en
vibes	vibes	3550	en
viktor	viktor	3550	en
vase	vase	3540	en
vat	vat	3540	en
vineyard	vineyard	3540	en
viola	viola	3540	en
vanguard	vanguard	3530	en
vomit	vomit	3530	en
vulgar	vulgar	3530	en
vita	vita	3520	en
volunteering	volunteering	3520	en
vacations	vacations	3510	en
vascular	vascular	3510	en
vets	vets	3510	en
volkswagen	volkswagen	3500	en
vacancies	vacancies	3490	en
violates	violates	3490	en
volatility	volatility	3490	en
virginity	virginity	3480	en
with	with	6850	en
was	was	6820	en
we	we	6540	en
will	will	6450	en
what	what	6380	en
when	when	6370	en
were	were	6340	en
who	who	6340	en
which	which	6300	en
would	would	6270	en
want	want	6040	en
well	well	6030	en
way	way	6010	en
where	where	6000	en
work	work	5960	en
why	why	5930	en
world	world	5890	en
while	while	5860	en
without	without	5690	en
women	women	5570	en
week	week	5560	en
water	water	5520	en
white	white	5510	en
went	went	5500	en
war	war	5460	en
whole	whole	5460	en
working	working	5450	en
within	within	5440	en
win	win	5390	en
wrong	wrong	5390	en
wanted	wanted	5360	en
wait	wait	5350	en
woman	woman	5350	en
watch	watch	5340	en
whether	whether	5320	en
west	west	5290	en
works	works	5290	en
word	word	5260	en
words	words	5250	en
wants	wants	5240	en
wife	wife	5230	en
won	won	5200	en
weeks	weeks	5190	en
wish	wish	5180	en
worked	worked	5160	en
worth	worth	5160	en
whatever	whatever	5140	en
website	website	5090	en
written	written	5090	en
walk	walk	5080	en
washington	washington	5080	en
whose	whose	5070	en
writing	writing	5070	en
waiting	waiting	5060	en
ways	ways	5060	en
wall	wall	5040	en
wanna	wanna	5040	en
wrote	wrote	5040	en
write	write	5030	en
watching	watching	5020	en
weight	weight	5020	en
western	western	5010	en
welcome	welcome	4990	en
winning	winning	4980	en
wide	wide	4960	en
wow	wow	4960	en
workers	workers	4950	en
weekend	weekend	4930	en
wonder	wonder	4930	en
worst	worst	4930	en
wear	wear	4920	en
winter	winter	4890	en
worse	worse	4890	en
william	william	4880	en
weather	weather	4870	en
walking	walking	4860	en
wearing	wearing	4850	en
whom	whom	4850	en
wonderful	wonderful	4850	en
wind	wind	4840	en
worry	worry	4840	en
wedding	wedding	4830	en
waste	waste	4810	en
weird	weird	4810	en
wild	wild	4800	en
window	window	4800	en
winner	winner	4800	en
wood	wood	4780	en
wake	wake	4760	en
weapons	weapons	4750	en
web	web	4740	en
wine	wine	4740	en
watched	watched	4720	en
willing	willing	4720	en
windows	windows	4720	en
warm	warm	4710	en
wins	wins	4700	en
writer	writer	4690	en
walked	walked	4670	en
williams	williams	4670	en
weak	weak	4660	en
whenever	whenever	4630	en
worried	worried	4630	en
walls	walls	4620	en
wave	wave	4620	en
wing	wing	4610	en
wales	wales	4600	en
warning	warning	4590	en
wars	wars	4590	en
wednesday	wednesday	4590	en
weekly	weekly	4570	en
writers	writers	4550	en
weapon	weapon	4540	en
wet	wet	4540	en
widely	widely	4540	en
worldwide	worldwide	4540	en
wilson	wilson	4530	en
wondering	wondering	4530	en
witness	witness	4520	en
wealth	wealth	4510	en
wise	wise	4510	en
wheel	wheel	4500	en
wanting	wanting	4490	en
wash	wash	4460	en
waters	waters	4450	en
woods	woods	4450	en
wage	wage	4440	en
wings	wings	4440	en
welfare	welfare	4430	en
winners	winners	4430	en
wire	wire	4430	en
worker	worker	4430	en
walker	walker	4420	en
whoever	whoever	4420	en
whereas	whereas	4410	en
whilst	whilst	4380	en
ward	ward	4370	en
waves	waves	4370	en
wayne	wayne	4370	en
walter	walter	4360	en
wisconsin	wisconsin	4360	en
writes	writes	4360	en
wishes	wishes	4350	en
wolf	wolf	4350	en
wildlife	wildlife	4330	en
wooden	wooden	4330	en
walks	walks	4320	en
wounded	wounded	4320	en
warriors	warriors	4300	en
wisdom	wisdom	4300	en
witnesses	witnesses	4290	en
wore	wore	4290	en
worship	worship	4290	en
worthy	worthy	4290	en
weed	weed	4270	en
wherever	wherever	4270	en
waited	waited	4260	en
warren	warren	4260	en
worn	worn	4260	en
wages	wages	4250	en
wells	wells	4250	en
wheels	wheels	4250	en
warrant	warrant	4240	en
wider	wider	4240	en
wound	wound	4240	en
worlds	worlds	4230	en
winds	winds	4220	en
woke	woke	4220	en
wtf	wtf	4220	en
wealthy	wealthy	4210	en
websites	websites	4200	en
wireless	wireless	4200	en
wondered	wondered	4200	en
wrap	wrap	4200	en
wright	wright	4200	en
wasted	wasted	4190	en
weakness	weakness	4190	en
widespread	widespread	4190	en
warned	warned	4180	en
watson	watson	4180	en
wa	wa	4170	en
warrior	warrior	4160	en
worries	worries	4160	en
wallet	wallet	4150	en
welsh	welsh	4150	en
workshop	workshop	4150	en
wrapped	wrapped	4150	en
wrestling	wrestling	4140	en
washing	washing	4130	en
worrying	worrying	4120	en
warner	warner	4110	en
wasting	wasting	4110	en
witch	witch	4110	en
washed	washed	4100	en
watches	watches	4100	en
wi	wi	4090	en
wont	wont	4090	en
warehouse	warehouse	4080	en
wears	wears	4080	en
widow	widow	4080	en
wives	wives	4080	en
wounds	wounds	4070	en
whites	whites	4060	en
wallace	wallace	4050	en
warfare	warfare	4050	en
warming	warming	4050	en
weekends	weekends	4050	en
withdraw	withdraw	4050	en
withdrawal	withdrawal	4050	en
witnessed	witnessed	4040	en
workplace	workplace	4040	en
warn	warn	4020	en
width	width	4020	en
workout	workout	4020	en
wheat	wheat	4010	en
whip	whip	4010	en
wipe	wipe	4010	en
wolves	wolves	4010	en
wrist	wrist	4010	en
westminster	westminster	4000	en
wished	wished	4000	en
wonders	wonders	4000	en
weigh	weigh	3990	en
whatsoever	whatsoever	3990	en
wicked	wicked	3990	en
wade	wade	3980	en
whale	whale	3980	en
writings	writings	3980	en
wholesale	wholesale	3970	en
wwe	wwe	3970	en
waist	waist	3960	en
welcomed	welcomed	3960	en
wit	wit	3960	en
wreck	wreck	3960	en
waking	waking	3950	en
walmart	walmart	3950	en
wang	wang	3950	en
wilderness	wilderness	3950	en
wifi	wifi	3940	en
wishing	wishing	3940	en
workforce	workforce	3940	en
wizard	wizard	3930	en
wax	wax	3920	en
wikipedia	wikipedia	3920	en
winston	winston	3920	en
wool	wool	3910	en
wagon	wagon	3900	en
walt	walt	3900	en
withdrawn	withdrawn	3900	en
weaker	weaker	3890	en
willie	willie	3890	en
whats	whats	3880	en
whistle	whistle	3880	en
workshops	workshops	3880	en
wee	wee	3870	en
woo	woo	3870	en
xbox	xbox	4190	en
xi	xi	4120	en
xd	xd	3870	en
xavier	xavier	3490	en
xii	xii	3450	en
xiii	xiii	3440	en
xvi	xvi	3400	en
xiv	xiv	3390	en
xu	xu	3330	en
xiao	xiao	3300	en
xmas	xmas	3250	en
xanax	xanax	3180	en
xinjiang	xinjiang	3150	en
xo	xo	3130	en
xenophobia	xenophobia	3060	en
xenophobic	xenophobic	3060	en
xander	xander	3010	en
xerox	xerox	3010	en
xiaomi	xiaomi	3010	en
xy	xy	2950	en
xviii	xviii	2940	en
xxi	xxi	2930	en
xxiii	xxiii	2930	en
xenon	xenon	2900	en
xxxx	xxxx	2890	en
xix	xix	2880	en
xie	xie	2860	en
xyz	xyz	2860	en
xperia	xperia	2850	en
xavi	xavi	2840	en
xfinity	xfinity	2840	en
xinhua	xinhua	2830	en
xin	xin	2820	en
xvii	xvii	2820	en
xxl	xxl	2810	en
xian	xian	2800	en
xiang	xiang	2790	en
xtreme	xtreme	2790	en
xia	xia	2770	en
xenophon	xenophon	2750	en
xrp	xrp	2740	en
xe	xe	2730	en
xing	xing	2730	en
xeon	xeon	2700	en
xhosa	xhosa	2690	en
xps	xps	2690	en
xena	xena	2680	en
xerxes	xerxes	2680	en
xue	xue	2680	en
xxii	xxii	2670	en
xoxo	xoxo	2620	en
xa	xa	2610	en
xiaoping	xiaoping	2550	en
xtra	xtra	2540	en
xuan	xuan	2520	en
xanadu	xanadu	2510	en
xhaka	xhaka	2500	en
xxiv	xxiv	2500	en
xlviii	xlviii	2490	en
xenia	xenia	2470	en
xb	xb	2450	en
xj	xj	2450	en
xiamen	xiamen	2440	en
xray	xray	2420	en
xcx	xcx	2410	en
xiu	xiu	2400	en
xrd	xrd	2400	en
xan	xan	2390	en
xcode	xcode	2380	en
xxvii	xxvii	2380	en
xxvi	xxvi	2370	en
xylophone	xylophone	2370	en
xg	xg	2360	en
xabi	xabi	2350	en
xen	xen	2350	en
xeno	xeno	2340	en
xero	xero	2340	en
xpress	xpress	2340	en
xvideos	xvideos	2310	en
xxviii	xxviii	2310	en
xiong	xiong	2290	en
xlr	xlr	2280	en
xun	xun	2280	en
xenoblade	xenoblade	2270	en
xor	xor	2270	en
xxxi	xxxi	2270	en
xxxxx	xxxxx	2270	en
xcom	xcom	2210	en
xenopus	xenopus	2210	en
xxix	xxix	2210	en
xylem	xylem	2210	en
xers	xers	2200	en
xbl	xbl	2190	en
xhtml	xhtml	2180	en
xcel	xcel	2170	en
xlix	xlix	2170	en
xn	xn	2170	en
xxxvi	xxxvi	2170	en
xchange	xchange	2160	en
xfl	xfl	2160	en
xmen	xmen	2160	en
xxxtentacion	xxxtentacion	2160	en
xbmc	xbmc	2140	en
xxxii	xxxii	2140	en
xxxv	xxxv	2140	en
xlvii	xlvii	2130	en
xxxiii	xxxiii	2130	en
xli	xli	2120	en
xxxiv	xxxiv	2120	en
xhamster	xhamster	2110	en
xscape	xscape	2110	en
xlii	xlii	2080	en
xlvi	xlvi	2070	en
xxxvii	xxxvii	2060	en
xls	xls	2050	en
xenos	xenos	2040	en
xilinx	xilinx	2030	en
xkcd	xkcd	2030	en
xss	xss	2030	en
xtc	xtc	2030	en
xlt	xlt	2020	en
xxxix	xxxix	2020	en
xxxviii	xxxviii	2020	en
xylene	xylene	2020	en
xh	xh	2010	en
xherdan	xherdan	2010	en
xliii	xliii	2010	en
xylose	xylose	2010	en
xamarin	xamarin	2000	en
xylitol	xylitol	2000	en
xzibit	xzibit	2000	en
xxxl	xxxl	1990	en
xda	xda	1980	en
xenophobes	xenophobes	1970	en
xenoverse	xenoverse	1970	en
xliv	xliv	1970	en
xslt	xslt	1960	en
xxxxxx	xxxxxx	1950	en
xbone	xbone	1940	en
xenomorph	xenomorph	1940	en
xddd	xddd	1930	en
xrays	xrays	1930	en
xanthan	xanthan	1920	en
xnxx	xnxx	1920	en
xenophobe	xenophobe	1910	en
xis	xis	1910	en
xw	xw	1910	en
xfce	xfce	1900	en
you	you	6980	en
your	your	6530	en
year	year	5960	en
years	years	5960	en
yet	yet	5540	en
yes	yes	5500	en
young	young	5430	en
yeah	yeah	5370	en
york	york	5370	en
yourself	yourself	5310	en
yesterday	yesterday	4910	en
yours	yours	4750	en
youth	youth	4750	en
yellow	yellow	4690	en
younger	younger	4690	en
ya	ya	4670	en
youtube	youtube	4660	en
yard	yard	4570	en
yards	yards	4510	en
yo	yo	4450	en
yep	yep	4390	en
yea	yea	4260	en
ye	ye	4250	en
yoga	yoga	4200	en
yield	yield	4160	en
yup	yup	4060	en
youngest	youngest	4050	en
yelling	yelling	4040	en
yorkshire	yorkshire	4040	en
yankees	yankees	3930	en
yay	yay	3920	en
yu	yu	3920	en
yang	yang	3910	en
yields	yields	3890	en
yale	yale	3880	en
yearly	yearly	3880	en
yemen	yemen	3880	en
yahoo	yahoo	3860	en
youre	youre	3860	en
yourselves	yourselves	3860	en
yell	yell	3850	en
yacht	yacht	3820	en
yr	yr	3790	en
yelled	yelled	3760	en
yen	yen	3730	en
yuan	yuan	3700	en
yeast	yeast	3670	en
yi	yi	3660	en
yogurt	yogurt	3630	en
yuri	yuri	3620	en
youths	youths	3610	en
yankee	yankee	3600	en
yarn	yarn	3600	en
youthful	youthful	3580	en
youngsters	youngsters	3570	en
yah	yah	3540	en
yummy	yummy	3540	en
yan	yan	3530	en
yrs	yrs	3520	en
yielded	yielded	3510	en
yugoslavia	yugoslavia	3500	en
yorker	yorker	3490	en
yates	yates	3480	en
yoo	yoo	3480	en
yum	yum	3460	en
yells	yells	3450	en
yearbook	yearbook	3440	en
yikes	yikes	3440	en
yong	yong	3420	en
yielding	yielding	3400	en
yer	yer	3360	en
yin	yin	3350	en
yun	yun	3350	en
yeh	yeh	3320	en
yamaha	yamaha	3300	en
yvonne	yvonne	3290	en
yee	yee	3280	en
yellowstone	yellowstone	3280	en
ying	ying	3280	en
yosemite	yosemite	3280	en
youngster	youngster	3270	en
yachts	yachts	3250	en
yelp	yelp	3250	en
yoon	yoon	3250	en
yearning	yearning	3240	en
youtubers	youtubers	3220	en
yall	yall	3210	en
yellowish	yellowish	3210	en
youll	youll	3210	en
yt	yt	3210	en
yukon	yukon	3190	en
yves	yves	3180	en
yorkers	yorkers	3170	en
ymca	ymca	3160	en
yogi	yogi	3160	en
youtuber	youtuber	3160	en
yao	yao	3150	en
yemeni	yemeni	3140	en
yoko	yoko	3140	en
youve	youve	3140	en
yung	yung	3140	en
yak	yak	3120	en
yoda	yoda	3110	en
yoruba	yoruba	3110	en
yusuf	yusuf	3100	en
yoke	yoke	3090	en
yawn	yawn	3070	en
yiddish	yiddish	3070	en
yakuza	yakuza	3060	en
yuck	yuck	3060	en
yokohama	yokohama	3050	en
yuki	yuki	3050	en
yam	yam	3040	en
yawning	yawning	3040	en
yolk	yolk	3040	en
yangon	yangon	3030	en
yanks	yanks	3030	en
yew	yew	3030	en
yugoslav	yugoslav	3030	en
yadav	yadav	3020	en
yeon	yeon	3020	en
yvette	yvette	3020	en
yd	yd	3010	en
yeo	yeo	3010	en
yeti	yeti	3010	en
yoghurt	yoghurt	3010	en
yank	yank	3000	en
yaya	yaya	3000	en
yanked	yanked	2980	en
yahweh	yahweh	2970	en
yearn	yearn	2970	en
yolanda	yolanda	2970	en
yonder	yonder	2970	en
ypg	ypg	2960	en
yarmouth	yarmouth	2950	en
yolo	yolo	2950	en
yap	yap	2940	en
yous	yous	2940	en
yarns	yarns	2930	en
yds	yds	2920	en
yeats	yeats	2920	en
yonkers	yonkers	2920	en
yunnan	yunnan	2920	en
yellows	yellows	2910	en
youngstown	youngstown	2910	en
yamamoto	yamamoto	2890	en
ys	ys	2890	en
yorke	yorke	2880	en
yuma	yuma	2880	en
yaw	yaw	2870	en
yasmin	yasmin	2860	en
yom	yom	2860	en
yon	yon	2860	en
yoshida	yoshida	2850	en
yoshi	yoshi	2840	en
yakima	yakima	2830	en
yamato	yamato	2830	en
yolks	yolks	2830	en
yip	yip	2820	en
youd	youd	2820	en
yarra	yarra	2810	en
yeltsin	yeltsin	2810	en
yahya	yahya	2790	en
yoy	yoy	2790	en
yardage	yardage	2780	en
yg	yg	2780	en
yue	yue	2780	en
yams	yams	2770	en
yorktown	yorktown	2770	en
yui	yui	2770	en
yar	yar	2750	en
ypres	ypres	2750	en
yamada	yamada	2740	en
yuen	yuen	2740	en
yas	yas	2730	en
yow	yow	2730	en
yachting	yachting	2720	en
yeovil	yeovil	2720	en
yeung	yeung	2720	en
yeezus	yeezus	2710	en
yeezy	yeezy	2710	en
yeoman	yeoman	2710	en
yuk	yuk	2710	en
yule	yule	2710	en
yangtze	yangtze	2700	en
yerevan	yerevan	2700	en
yonge	yonge	2700	en
youssef	youssef	2700	en
yada	yada	2690	en
yardstick	yardstick	2690	en
yearling	yearling	2680	en
yeshiva	yeshiva	2670	en
yara	yara	2660	en
yawns	yawns	2660	en
yellen	yellen	2660	en
yost	yost	2660	en
yousef	yousef	2660	en
yuna	yuna	2660	en
yucca	yucca	2650	en
yeager	yeager	2640	en
yore	yore	2640	en
yannick	yannick	2630	en
yamaguchi	yamaguchi	2620	en
yesteryear	yesteryear	2620	en
yulia	yulia	2610	en
youngblood	youngblood	2600	en
yucatan	yucatan	2600	en
yama	yama	2590	en
yardley	yardley	2590	en
yat	yat	2590	en
yearns	yearns	2590	en
yoyo	yoyo	2590	en
yumi	yumi	2590	en
yanking	yanking	2580	en
yearned	yearned	2580	en
yalta	yalta	2570	en
yazidi	yazidi	2570	en
yiu	yiu	2570	en
youngs	youngs	2570	en
yp	yp	2570	en
yuh	yuh	2570	en
yasser	yasser	2560	en
yau	yau	2560	en
yesterdays	yesterdays	2560	en
yul	yul	2560	en
yarmouk	yarmouk	2550	en
yougov	yougov	2540	en
yarrow	yarrow	2530	en
yearbooks	yearbooks	2530	en
yesss	yesss	2530	en
yaoi	yaoi	2520	en
yasir	yasir	2520	en
yatra	yatra	2520	en
yb	yb	2520	en
yitzhak	yitzhak	2520	en
yl	yl	2520	en
younis	younis	2520	en
yancey	yancey	2510	en
yano	yano	2510	en
yash	yash	2510	en
yeet	yeet	2510	en
yhwh	yhwh	2510	en
yeasts	yeasts	2500	en
yn	yn	2500	en
yunus	yunus	2500	en
yanukovych	yanukovych	2490	en
yellowing	yellowing	2490	en
yorks	yorks	2490	en
yeong	yeong	2480	en
yessir	yessir	2480	en
ym	ym	2480	en
yucky	yucky	2480	en
yad	yad	2470	en
yadda	yadda	2470	en
yana	yana	2470	en
yann	yann	2470	en
zone	zone	4720	en
zero	zero	4630	en
zealand	zealand	4500	en
zoo	zoo	4140	en
zones	zones	4120	en
zombie	zombie	3940	en
zip	zip	3870	en
zoom	zoom	3830	en
zombies	zombies	3770	en
zach	zach	3760	en
zimbabwe	zimbabwe	3730	en
zen	zen	3700	en
zhang	zhang	3680	en
zoe	zoe	3660	en
zinc	zinc	3650	en
zurich	zurich	3590	en
zack	zack	3560	en
zelda	zelda	3550	en
zeus	zeus	3540	en
zimmerman	zimmerman	3520	en
zoning	zoning	3520	en
zion	zion	3460	en
zambia	zambia	3430	en
zodiac	zodiac	3410	en
zebra	zebra	3400	en
zionist	zionist	3400	en
zac	zac	3380	en
zhou	zhou	3380	en
zara	zara	3300	en
zipper	zipper	3300	en
zeppelin	zeppelin	3290	en
zeal	zeal	3280	en
zuckerberg	zuckerberg	3260	en
zachary	zachary	3220	en
zhao	zhao	3220	en
zu	zu	3200	en
zeke	zeke	3190	en
zest	zest	3190	en
zoology	zoology	3190	en
zulu	zulu	3190	en
zee	zee	3160	en
zoned	zoned	3160	en
zane	zane	3150	en
zenith	zenith	3150	en
zimmer	zimmer	3150	en
zur	zur	3150	en
zoos	zoos	3130	en
zhu	zhu	3120	en
zionism	zionism	3100	en
za	za	3090	en
zuma	zuma	3090	en
zeta	zeta	3080	en
ze	ze	3060	en
zeros	zeros	3060	en
zig	zig	3050	en
zoey	zoey	3030	en
zoological	zoological	3030	en
zak	zak	3020	en
zed	zed	3020	en
zealous	zealous	2990	en
zionists	zionists	2970	en
zap	zap	2960	en
zucchini	zucchini	2960	en
zagreb	zagreb	2950	en
zlatan	zlatan	2950	en
zayn	zayn	2940	en
zidane	zidane	2920	en
ziggy	ziggy	2920	en
zanzibar	zanzibar	2910	en
zola	zola	2910	en
zooming	zooming	2910	en
zo	zo	2900	en
zaire	zaire	2890	en
zheng	zheng	2890	en
zine	zine	2890	en
zealanders	zealanders	2880	en
zi	zi	2870	en
zia	zia	2870	en
zambian	zambian	2860	en
ziegler	ziegler	2860	en
zimbabwean	zimbabwean	2860	en
zephyr	zephyr	2850	en
zoomed	zoomed	2850	en
zebras	zebras	2840	en
zhejiang	zhejiang	2840	en
zigzag	zigzag	2820	en
zika	zika	2820	en
zum	zum	2800	en
zag	zag	2790	en
zips	zips	2790	en
zeitung	zeitung	2780	en
zing	zing	2780	en
zumba	zumba	2780	en
zeitgeist	zeitgeist	2770	en
zipped	zipped	2750	en
zorro	zorro	2750	en
zanu	zanu	2740	en
zonal	zonal	2740	en
zealots	zealots	2730	en
zim	zim	2730	en
zeroes	zeroes	2720	en
zooms	zooms	2720	en
zhen	zhen	2690	en
zahra	zahra	2680	en
zamora	zamora	2680	en
zapata	zapata	2680	en
zeiss	zeiss	2680	en
zhong	zhong	2680	en
zimmermann	zimmermann	2680	en
zany	zany	2670	en
zedd	zedd	2670	en
zeno	zeno	2670	en
zucker	zucker	2670	en
zaha	zaha	2650	en
zappa	zappa	2650	en
zedong	zedong	2640	en
zeit	zeit	2640	en
zillion	zillion	2630	en
zona	zona	2630	en
zte	zte	2630	en
zynga	zynga	2630	en
ziggler	ziggler	2620	en
zipping	zipping	2620	en
zayed	zayed	2610	en
zealander	zealander	2610	en
zuckerman	zuckerman	2610	en
zander	zander	2600	en
zeller	zeller	2600	en
zhi	zhi	2600	en
zircon	zircon	2600	en
zora	zora	2600	en
zain	zain	2580	en
zooey	zooey	2580	en
zuko	zuko	2580	en
zillow	zillow	2570	en
zippers	zippers	2570	en
zoya	zoya	2570	en
zainab	zainab	2560	en
zenit	zenit	2560	en
zorn	zorn	2550	en
zechariah	zechariah	2540	en
zeitschrift	zeitschrift	2540	en
zaman	zaman	2530	en
zeb	zeb	2530	en
zinn	zinn	2530	en
zirconia	zirconia	2530	en
zoloft	zoloft	2530	en
zamboanga	zamboanga	2520	en
zaza	zaza	2520	en
zippy	zippy	2520	en
zealot	zealot	2510	en
zoologist	zoologist	2510	en
zeng	zeng	2500	en
zan	zan	2490	en
zeroed	zeroed	2490	en
zod	zod	2490	en
zacks	zacks	2480	en
zafar	zafar	2480	en
zahir	zahir	2480	en
zilch	zilch	2470	en
zoran	zoran	2470	en
zaragoza	zaragoza	2460	en
zebrafish	zebrafish	2460	en
zetas	zetas	2460	en
zootopia	zootopia	2460	en
zachariah	zachariah	2450	en
zambezi	zambezi	2450	en
zapped	zapped	2450	en
zippo	zippo	2450	en
zirconium	zirconium	2450	en
zor	zor	2450	en
zakaria	zakaria	2440	en
zakir	zakir	2440	en
zoltan	zoltan	2440	en
zookeeper	zookeeper	2440	en
zweig	zweig	2430	en
zaheer	zaheer	2420	en
zardari	zardari	2420	en
zoot	zoot	2420	en
zacharias	zacharias	2410	en
zandt	zandt	2410	en
zesty	zesty	2410	en
zoolander	zoolander	2410	en
zooplankton	zooplankton	2410	en
zoro	zoro	2410	en
zuni	zuni	2410	en
zam	zam	2400	en
zavala	zavala	2400	en
zealously	zealously	2400	en
zell	zell	2400	en
zimbabweans	zimbabweans	2400	en
zinger	zinger	2400	en
zit	zit	2400	en
zwei	zwei	2400	en
zaid	zaid	2390	en
zev	zev	2390	en
zhan	zhan	2390	en
ziegfeld	ziegfeld	2390	en
zinedine	zinedine	2390	en
zapp	zapp	2380	en
zenyatta	zenyatta	2380	en
zin	zin	2380	en
zou	zou	2380	en
zsa	zsa	2370	en
zulus	zulus	2370	en
zaki	zaki	2360	en
zico	zico	2360	en
zilla	zilla	2360	en
zoroastrian	zoroastrian	2360	en
zune	zune	2360	en
zai	zai	2350	en
zhivago	zhivago	2350	en
zohar	zohar	2350	en
zygote	zygote	2350	en
zar	zar	2340	en
zahn	zahn	2330	en
zaidi	zaidi	2330	en
zakat	zakat	2330	en
zarya	zarya	2330	en
zeeland	zeeland	2330	en
zeroing	zeroing	2330	en
ziva	ziva	2320	en
zarathustra	zarathustra	2310	en
zines	zines	2310	en
zits	zits	2310	en
ziploc	ziploc	2300	en
zito	zito	2300	en
zeman	zeman	2290	en
zhuang	zhuang	2290	en
zwischen	zwischen	2290	en
zanesville	zanesville	2280	en
zaria	zaria	2270	en
zermatt	zermatt	2270	en
zalman	zalman	2260	en
zina	zina	2260	en
zong	zong	2260	en
zoroastrianism	zoroastrianism	2260	en
zapping	zapping	2250	en
zelena	zelena	2250	en
zhukov	zhukov	2250	en
zipline	zipline	2250	en
zno	zno	2250	en
zoster	zoster	2250	en
zulfiqar	zulfiqar	2250	en
zahid	zahid	2240	en
zarif	zarif	2230	en
zawahiri	zawahiri	2230	en
zay	zay	2230	en
zug	zug	2230	en
zags	zags	2220	en
zamboni	zamboni	2220	en
zappos	zappos	2220	en
zec	zec	2220	en
zellweger	zellweger	2220	en
zendaya	zendaya	2220	en
ziad	ziad	2220	en
